,Voter_transcript,date,Attendance_transcript,Attendees,Male,Female,Percent Male Att,Percent Female Att,ATT NOT VOTERS,Female Voters,Male Voters,Female NON Voters,Male NON Voters,Number of Voters,percent_fem_voter,percent_male_voter,Number of NonVoters,percent_female_NONvoters,percent_male_NONvoters
0,/Users/ds3228/OneDrive - Yale University/Desktop/FRB/fomc_transcript/data/processed/Voters\19940204_voters.csv,19940204,/Users/ds3228/OneDrive - Yale University/Desktop/FRB/fomc_transcript/data/processed/Attendees\19940204_att.csv,52,47,5,0.903846153846154,0.0961538461538461,42,1,9,0,0,10,0.1,0.9,0,,
1,/Users/ds3228/OneDrive - Yale University/Desktop/FRB/fomc_transcript/data/processed/Voters\19940322_voters.csv,19940322,/Users/ds3228/OneDrive - Yale University/Desktop/FRB/fomc_transcript/data/processed/Attendees\19940322_att.csv,48,42,6,0.875,0.125,38,1,9,0,0,10,0.1,0.9,0,,
2,/Users/ds3228/OneDrive - Yale University/Desktop/FRB/fomc_transcript/data/processed/Voters\19940517_voters.csv,19940517,/Users/ds3228/OneDrive - Yale University/Desktop/FRB/fomc_transcript/data/processed/Attendees\19940517_att.csv,52,43,9,0.8269230769230769,0.173076923076923,42,1,9,0,0,10,0.1,0.9,0,,
3,/Users/ds3228/OneDrive - Yale University/Desktop/FRB/fomc_transcript/data/processed/Voters\19940706_voters.csv,19940706,/Users/ds3228/OneDrive - Yale University/Desktop/FRB/fomc_transcript/data/processed/Attendees\19940706_att.csv,54,46,8,0.8518518518518519,0.1481481481481481,43,1,9,0,0,10,0.1,0.9,0,,
4,/Users/ds3228/OneDrive - Yale University/Desktop/FRB/fomc_transcript/data/processed/Voters\19940816_voters.csv,19940816,/Users/ds3228/OneDrive - Yale University/Desktop/FRB/fomc_transcript/data/processed/Attendees\19940816_att.csv,51,44,7,0.8627450980392157,0.1372549019607843,39,2,10,0,0,12,0.16666666666666666,0.8333333333333334,0,,
5,/Users/ds3228/OneDrive - Yale University/Desktop/FRB/fomc_transcript/data/processed/Voters\19940927_voters.csv,19940927,/Users/ds3228/OneDrive - Yale University/Desktop/FRB/fomc_transcript/data/processed/Attendees\19940927_att.csv,51,43,8,0.8431372549019608,0.1568627450980392,39,2,10,0,0,12,0.16666666666666666,0.8333333333333334,0,,
6,/Users/ds3228/OneDrive - Yale University/Desktop/FRB/fomc_transcript/data/processed/Voters\19941115_voters.csv,19941115,/Users/ds3228/OneDrive - Yale University/Desktop/FRB/fomc_transcript/data/processed/Attendees\19941115_att.csv,51,43,8,0.8431372549019608,0.1568627450980392,39,2,10,0,0,12,0.16666666666666666,0.8333333333333334,0,,
7,/Users/ds3228/OneDrive - Yale University/Desktop/FRB/fomc_transcript/data/processed/Voters\19941220_voters.csv,19941220,/Users/ds3228/OneDrive - Yale University/Desktop/FRB/fomc_transcript/data/processed/Attendees\19941220_att.csv,51,45,6,0.8823529411764706,0.1176470588235294,39,2,10,0,0,12,0.16666666666666666,0.8333333333333334,0,,
8,/Users/ds3228/OneDrive - Yale University/Desktop/FRB/fomc_transcript/data/processed/Voters\19950201_voters.csv,19950201,/Users/ds3228/OneDrive - Yale University/Desktop/FRB/fomc_transcript/data/processed/Attendees\19950201_att.csv,62,54,8,0.8709677419354839,0.1290322580645161,50,3,9,0,0,12,0.25,0.75,0,,
9,/Users/ds3228/OneDrive - Yale University/Desktop/FRB/fomc_transcript/data/processed/Voters\19950328_voters.csv,19950328,/Users/ds3228/OneDrive - Yale University/Desktop/FRB/fomc_transcript/data/processed/Attendees\19950328_att.csv,49,43,6,0.8775510204081632,0.1224489795918367,38,3,8,0,0,11,0.2727272727272727,0.7272727272727273,0,,
10,/Users/ds3228/OneDrive - Yale University/Desktop/FRB/fomc_transcript/data/processed/Voters\19950523_voters.csv,19950523,/Users/ds3228/OneDrive - Yale University/Desktop/FRB/fomc_transcript/data/processed/Attendees\19950523_att.csv,48,42,6,0.875,0.125,37,3,8,0,0,11,0.2727272727272727,0.7272727272727273,0,,
11,/Users/ds3228/OneDrive - Yale University/Desktop/FRB/fomc_transcript/data/processed/Voters\19950706_voters.csv,19950706,/Users/ds3228/OneDrive - Yale University/Desktop/FRB/fomc_transcript/data/processed/Attendees\19950706_att.csv,50,42,8,0.84,0.16,39,3,8,0,0,11,0.2727272727272727,0.7272727272727273,0,,
12,/Users/ds3228/OneDrive - Yale University/Desktop/FRB/fomc_transcript/data/processed/Voters\19950822_voters.csv,19950822,/Users/ds3228/OneDrive - Yale University/Desktop/FRB/fomc_transcript/data/processed/Attendees\19950822_att.csv,49,40,9,0.8163265306122449,0.1836734693877551,38,3,8,0,0,11,0.2727272727272727,0.7272727272727273,0,,
13,/Users/ds3228/OneDrive - Yale University/Desktop/FRB/fomc_transcript/data/processed/Voters\19950926_voters.csv,19950926,/Users/ds3228/OneDrive - Yale University/Desktop/FRB/fomc_transcript/data/processed/Attendees\19950926_att.csv,51,43,8,0.8431372549019608,0.1568627450980392,40,3,8,0,0,11,0.2727272727272727,0.7272727272727273,0,,
14,/Users/ds3228/OneDrive - Yale University/Desktop/FRB/fomc_transcript/data/processed/Voters\19951115_voters.csv,19951115,/Users/ds3228/OneDrive - Yale University/Desktop/FRB/fomc_transcript/data/processed/Attendees\19951115_att.csv,52,46,6,0.8846153846153846,0.1153846153846153,41,1,4,0,0,5,0.2,0.8,0,,
15,/Users/ds3228/OneDrive - Yale University/Desktop/FRB/fomc_transcript/data/processed/Voters\19951219_voters.csv,19951219,/Users/ds3228/OneDrive - Yale University/Desktop/FRB/fomc_transcript/data/processed/Attendees\19951219_att.csv,49,42,7,0.8571428571428571,0.1428571428571428,38,2,4,0,0,6,0.3333333333333333,0.6666666666666666,0,,
16,/Users/ds3228/OneDrive - Yale University/Desktop/FRB/fomc_transcript/data/processed/Voters\19960131_voters.csv,19960131,/Users/ds3228/OneDrive - Yale University/Desktop/FRB/fomc_transcript/data/processed/Attendees\19960131_att.csv,50,43,7,0.86,0.14,40,2,7,0,0,9,0.2222222222222222,0.7777777777777778,0,,
17,/Users/ds3228/OneDrive - Yale University/Desktop/FRB/fomc_transcript/data/processed/Voters\19960326_voters.csv,19960326,/Users/ds3228/OneDrive - Yale University/Desktop/FRB/fomc_transcript/data/processed/Attendees\19960326_att.csv,47,42,5,0.8936170212765957,0.1063829787234042,37,2,7,0,0,9,0.2222222222222222,0.7777777777777778,0,,
18,/Users/ds3228/OneDrive - Yale University/Desktop/FRB/fomc_transcript/data/processed/Voters\19960521_voters.csv,19960521,/Users/ds3228/OneDrive - Yale University/Desktop/FRB/fomc_transcript/data/processed/Attendees\19960521_att.csv,50,43,7,0.86,0.14,40,2,7,0,0,9,0.2222222222222222,0.7777777777777778,0,,
19,/Users/ds3228/OneDrive - Yale University/Desktop/FRB/fomc_transcript/data/processed/Voters\19960703_voters.csv,19960703,/Users/ds3228/OneDrive - Yale University/Desktop/FRB/fomc_transcript/data/processed/Attendees\19960703_att.csv,59,49,10,0.8305084745762712,0.1694915254237288,47,3,8,0,0,11,0.2727272727272727,0.7272727272727273,0,,
20,/Users/ds3228/OneDrive - Yale University/Desktop/FRB/fomc_transcript/data/processed/Voters\19960820_voters.csv,19960820,/Users/ds3228/OneDrive - Yale University/Desktop/FRB/fomc_transcript/data/processed/Attendees\19960820_att.csv,48,41,7,0.8541666666666666,0.1458333333333333,36,3,7,0,0,10,0.3,0.7,0,,
21,/Users/ds3228/OneDrive - Yale University/Desktop/FRB/fomc_transcript/data/processed/Voters\19960924_voters.csv,19960924,/Users/ds3228/OneDrive - Yale University/Desktop/FRB/fomc_transcript/data/processed/Attendees\19960924_att.csv,53,46,7,0.8679245283018868,0.1320754716981132,41,3,7,0,0,10,0.3,0.7,0,,
22,/Users/ds3228/OneDrive - Yale University/Desktop/FRB/fomc_transcript/data/processed/Voters\19961113_voters.csv,19961113,/Users/ds3228/OneDrive - Yale University/Desktop/FRB/fomc_transcript/data/processed/Attendees\19961113_att.csv,50,43,7,0.86,0.14,38,3,8,0,0,11,0.2727272727272727,0.7272727272727273,0,,
23,/Users/ds3228/OneDrive - Yale University/Desktop/FRB/fomc_transcript/data/processed/Voters\19961217_voters.csv,19961217,/Users/ds3228/OneDrive - Yale University/Desktop/FRB/fomc_transcript/data/processed/Attendees\19961217_att.csv,51,46,5,0.9019607843137256,0.0980392156862745,39,3,8,0,0,11,0.2727272727272727,0.7272727272727273,0,,
24,/Users/ds3228/OneDrive - Yale University/Desktop/FRB/fomc_transcript/data/processed/Voters\19970205_voters.csv,19970205,/Users/ds3228/OneDrive - Yale University/Desktop/FRB/fomc_transcript/data/processed/Attendees\19970205_att.csv,56,48,8,0.8571428571428571,0.1428571428571428,46,2,8,0,0,10,0.2,0.8,0,,
25,/Users/ds3228/OneDrive - Yale University/Desktop/FRB/fomc_transcript/data/processed/Voters\19970325_voters.csv,19970325,/Users/ds3228/OneDrive - Yale University/Desktop/FRB/fomc_transcript/data/processed/Attendees\19970325_att.csv,48,44,4,0.9166666666666666,0.0833333333333333,38,2,8,0,0,10,0.2,0.8,0,,
26,/Users/ds3228/OneDrive - Yale University/Desktop/FRB/fomc_transcript/data/processed/Voters\19970520_voters.csv,19970520,/Users/ds3228/OneDrive - Yale University/Desktop/FRB/fomc_transcript/data/processed/Attendees\19970520_att.csv,50,45,5,0.9,0.1,40,2,8,0,0,10,0.2,0.8,0,,
27,/Users/ds3228/OneDrive - Yale University/Desktop/FRB/fomc_transcript/data/processed/Voters\19970702_voters.csv,19970702,/Users/ds3228/OneDrive - Yale University/Desktop/FRB/fomc_transcript/data/processed/Attendees\19970702_att.csv,56,46,10,0.8214285714285714,0.1785714285714285,46,2,8,0,0,10,0.2,0.8,0,,
28,/Users/ds3228/OneDrive - Yale University/Desktop/FRB/fomc_transcript/data/processed/Voters\19970819_voters.csv,19970819,/Users/ds3228/OneDrive - Yale University/Desktop/FRB/fomc_transcript/data/processed/Attendees\19970819_att.csv,48,41,7,0.8541666666666666,0.1458333333333333,38,2,8,0,0,10,0.2,0.8,0,,
29,/Users/ds3228/OneDrive - Yale University/Desktop/FRB/fomc_transcript/data/processed/Voters\19970930_voters.csv,19970930,/Users/ds3228/OneDrive - Yale University/Desktop/FRB/fomc_transcript/data/processed/Attendees\19970930_att.csv,50,43,7,0.86,0.14,40,2,8,0,0,10,0.2,0.8,0,,
30,/Users/ds3228/OneDrive - Yale University/Desktop/FRB/fomc_transcript/data/processed/Voters\19971112_voters.csv,19971112,/Users/ds3228/OneDrive - Yale University/Desktop/FRB/fomc_transcript/data/processed/Attendees\19971112_att.csv,53,46,7,0.8679245283018868,0.1320754716981132,41,2,9,0,0,11,0.18181818181818182,0.8181818181818182,0,,
31,/Users/ds3228/OneDrive - Yale University/Desktop/FRB/fomc_transcript/data/processed/Voters\19971216_voters.csv,19971216,/Users/ds3228/OneDrive - Yale University/Desktop/FRB/fomc_transcript/data/processed/Attendees\19971216_att.csv,54,47,7,0.8703703703703703,0.1296296296296296,42,2,9,0,0,11,0.18181818181818182,0.8181818181818182,0,,
32,/Users/ds3228/OneDrive - Yale University/Desktop/FRB/fomc_transcript/data/processed/Voters\19980204_voters.csv,19980204,/Users/ds3228/OneDrive - Yale University/Desktop/FRB/fomc_transcript/data/processed/Attendees\19980204_att.csv,56,48,8,0.8571428571428571,0.1428571428571428,44,2,8,0,0,10,0.2,0.8,0,,
33,/Users/ds3228/OneDrive - Yale University/Desktop/FRB/fomc_transcript/data/processed/Voters\19980331_voters.csv,19980331,/Users/ds3228/OneDrive - Yale University/Desktop/FRB/fomc_transcript/data/processed/Attendees\19980331_att.csv,53,46,7,0.8679245283018868,0.1320754716981132,41,2,9,0,0,11,0.18181818181818182,0.8181818181818182,0,,
34,/Users/ds3228/OneDrive - Yale University/Desktop/FRB/fomc_transcript/data/processed/Voters\19980519_voters.csv,19980519,/Users/ds3228/OneDrive - Yale University/Desktop/FRB/fomc_transcript/data/processed/Attendees\19980519_att.csv,53,45,8,0.8490566037735849,0.1509433962264151,41,2,9,0,0,11,0.18181818181818182,0.8181818181818182,0,,
35,/Users/ds3228/OneDrive - Yale University/Desktop/FRB/fomc_transcript/data/processed/Voters\19980701_voters.csv,19980701,/Users/ds3228/OneDrive - Yale University/Desktop/FRB/fomc_transcript/data/processed/Attendees\19980701_att.csv,58,49,9,0.8448275862068966,0.1551724137931034,47,1,9,0,0,10,0.1,0.9,0,,
36,/Users/ds3228/OneDrive - Yale University/Desktop/FRB/fomc_transcript/data/processed/Voters\19980818_voters.csv,19980818,/Users/ds3228/OneDrive - Yale University/Desktop/FRB/fomc_transcript/data/processed/Attendees\19980818_att.csv,52,46,6,0.8846153846153846,0.1153846153846153,41,1,9,0,0,10,0.1,0.9,0,,
37,/Users/ds3228/OneDrive - Yale University/Desktop/FRB/fomc_transcript/data/processed/Voters\19980929_voters.csv,19980929,/Users/ds3228/OneDrive - Yale University/Desktop/FRB/fomc_transcript/data/processed/Attendees\19980929_att.csv,54,48,6,0.8888888888888888,0.1111111111111111,43,1,9,0,0,10,0.1,0.9,0,,
38,/Users/ds3228/OneDrive - Yale University/Desktop/FRB/fomc_transcript/data/processed/Voters\19981117_voters.csv,19981117,/Users/ds3228/OneDrive - Yale University/Desktop/FRB/fomc_transcript/data/processed/Attendees\19981117_att.csv,52,45,7,0.8653846153846154,0.1346153846153846,41,1,9,0,0,10,0.1,0.9,0,,
39,/Users/ds3228/OneDrive - Yale University/Desktop/FRB/fomc_transcript/data/processed/Voters\19981222_voters.csv,19981222,/Users/ds3228/OneDrive - Yale University/Desktop/FRB/fomc_transcript/data/processed/Attendees\19981222_att.csv,51,43,8,0.8431372549019608,0.1568627450980392,40,1,9,0,0,10,0.1,0.9,0,,
40,/Users/ds3228/OneDrive - Yale University/Desktop/FRB/fomc_transcript/data/processed/Voters\19990203_voters.csv,19990203,/Users/ds3228/OneDrive - Yale University/Desktop/FRB/fomc_transcript/data/processed/Attendees\19990203_att.csv,58,52,6,0.896551724137931,0.1034482758620689,47,1,8,0,0,9,0.1111111111111111,0.8888888888888888,0,,
41,/Users/ds3228/OneDrive - Yale University/Desktop/FRB/fomc_transcript/data/processed/Voters\19990330_voters.csv,19990330,/Users/ds3228/OneDrive - Yale University/Desktop/FRB/fomc_transcript/data/processed/Attendees\19990330_att.csv,49,42,7,0.8571428571428571,0.1428571428571428,38,1,8,0,0,9,0.1111111111111111,0.8888888888888888,0,,
42,/Users/ds3228/OneDrive - Yale University/Desktop/FRB/fomc_transcript/data/processed/Voters\19990518_voters.csv,19990518,/Users/ds3228/OneDrive - Yale University/Desktop/FRB/fomc_transcript/data/processed/Attendees\19990518_att.csv,50,43,7,0.86,0.14,39,1,8,0,0,9,0.1111111111111111,0.8888888888888888,0,,
43,/Users/ds3228/OneDrive - Yale University/Desktop/FRB/fomc_transcript/data/processed/Voters\19990630_voters.csv,19990630,/Users/ds3228/OneDrive - Yale University/Desktop/FRB/fomc_transcript/data/processed/Attendees\19990630_att.csv,57,50,7,0.8771929824561403,0.1228070175438596,47,0,8,0,0,8,0.0,1.0,0,,
44,/Users/ds3228/OneDrive - Yale University/Desktop/FRB/fomc_transcript/data/processed/Voters\19990824_voters.csv,19990824,/Users/ds3228/OneDrive - Yale University/Desktop/FRB/fomc_transcript/data/processed/Attendees\19990824_att.csv,49,42,7,0.8571428571428571,0.1428571428571428,39,0,8,0,0,8,0.0,1.0,0,,
45,/Users/ds3228/OneDrive - Yale University/Desktop/FRB/fomc_transcript/data/processed/Voters\19991005_voters.csv,19991005,/Users/ds3228/OneDrive - Yale University/Desktop/FRB/fomc_transcript/data/processed/Attendees\19991005_att.csv,48,42,6,0.875,0.125,38,0,8,0,0,8,0.0,1.0,0,,
46,/Users/ds3228/OneDrive - Yale University/Desktop/FRB/fomc_transcript/data/processed/Voters\19991116_voters.csv,19991116,/Users/ds3228/OneDrive - Yale University/Desktop/FRB/fomc_transcript/data/processed/Attendees\19991116_att.csv,43,38,5,0.8837209302325582,0.1162790697674418,33,0,8,0,0,8,0.0,1.0,0,,
47,/Users/ds3228/OneDrive - Yale University/Desktop/FRB/fomc_transcript/data/processed/Voters\19991221_voters.csv,19991221,/Users/ds3228/OneDrive - Yale University/Desktop/FRB/fomc_transcript/data/processed/Attendees\19991221_att.csv,52,45,7,0.8653846153846154,0.1346153846153846,42,0,8,0,0,8,0.0,1.0,0,,
48,/Users/ds3228/OneDrive - Yale University/Desktop/FRB/fomc_transcript/data/processed/Voters\20000202_voters.csv,20000202,/Users/ds3228/OneDrive - Yale University/Desktop/FRB/fomc_transcript/data/processed/Attendees\20000202_att.csv,57,49,8,0.8596491228070176,0.1403508771929824,47,0,8,0,0,8,0.0,1.0,0,,
49,/Users/ds3228/OneDrive - Yale University/Desktop/FRB/fomc_transcript/data/processed/Voters\20000321_voters.csv,20000321,/Users/ds3228/OneDrive - Yale University/Desktop/FRB/fomc_transcript/data/processed/Attendees\20000321_att.csv,51,44,7,0.8627450980392157,0.1372549019607843,41,0,8,0,0,8,0.0,1.0,0,,
50,/Users/ds3228/OneDrive - Yale University/Desktop/FRB/fomc_transcript/data/processed/Voters\20000516_voters.csv,20000516,/Users/ds3228/OneDrive - Yale University/Desktop/FRB/fomc_transcript/data/processed/Attendees\20000516_att.csv,52,47,5,0.903846153846154,0.0961538461538461,42,0,3,0,0,3,0.0,1.0,0,,
51,/Users/ds3228/OneDrive - Yale University/Desktop/FRB/fomc_transcript/data/processed/Voters\20000628_voters.csv,20000628,/Users/ds3228/OneDrive - Yale University/Desktop/FRB/fomc_transcript/data/processed/Attendees\20000628_att.csv,58,49,9,0.8448275862068966,0.1551724137931034,48,0,3,0,0,3,0.0,1.0,0,,
52,/Users/ds3228/OneDrive - Yale University/Desktop/FRB/fomc_transcript/data/processed/Voters\20000822_voters.csv,20000822,/Users/ds3228/OneDrive - Yale University/Desktop/FRB/fomc_transcript/data/processed/Attendees\20000822_att.csv,48,42,6,0.875,0.125,38,0,3,0,0,3,0.0,1.0,0,,
53,/Users/ds3228/OneDrive - Yale University/Desktop/FRB/fomc_transcript/data/processed/Voters\20001003_voters.csv,20001003,/Users/ds3228/OneDrive - Yale University/Desktop/FRB/fomc_transcript/data/processed/Attendees\20001003_att.csv,55,49,6,0.8909090909090909,0.109090909090909,45,0,3,0,0,3,0.0,1.0,0,,
54,/Users/ds3228/OneDrive - Yale University/Desktop/FRB/fomc_transcript/data/processed/Voters\20001115_voters.csv,20001115,/Users/ds3228/OneDrive - Yale University/Desktop/FRB/fomc_transcript/data/processed/Attendees\20001115_att.csv,51,43,8,0.8431372549019608,0.1568627450980392,40,0,8,0,0,8,0.0,1.0,0,,
55,/Users/ds3228/OneDrive - Yale University/Desktop/FRB/fomc_transcript/data/processed/Voters\20001219_voters.csv,20001219,/Users/ds3228/OneDrive - Yale University/Desktop/FRB/fomc_transcript/data/processed/Attendees\20001219_att.csv,51,44,7,0.8627450980392157,0.1372549019607843,41,0,3,0,0,3,0.0,1.0,0,,
56,/Users/ds3228/OneDrive - Yale University/Desktop/FRB/fomc_transcript/data/processed/Voters\20010131_voters.csv,20010131,/Users/ds3228/OneDrive - Yale University/Desktop/FRB/fomc_transcript/data/processed/Attendees\20010131_att.csv,56,46,10,0.8214285714285714,0.1785714285714285,46,1,6,0,0,7,0.14285714285714285,0.8571428571428571,0,,
57,/Users/ds3228/OneDrive - Yale University/Desktop/FRB/fomc_transcript/data/processed/Voters\20010320_voters.csv,20010320,/Users/ds3228/OneDrive - Yale University/Desktop/FRB/fomc_transcript/data/processed/Attendees\20010320_att.csv,49,40,9,0.8163265306122449,0.1836734693877551,39,1,8,0,0,9,0.1111111111111111,0.8888888888888888,0,,
58,/Users/ds3228/OneDrive - Yale University/Desktop/FRB/fomc_transcript/data/processed/Voters\20010515_voters.csv,20010515,/Users/ds3228/OneDrive - Yale University/Desktop/FRB/fomc_transcript/data/processed/Attendees\20010515_att.csv,53,46,7,0.8679245283018868,0.1320754716981132,43,1,9,0,0,10,0.1,0.9,0,,
59,/Users/ds3228/OneDrive - Yale University/Desktop/FRB/fomc_transcript/data/processed/Voters\20010627_voters.csv,20010627,/Users/ds3228/OneDrive - Yale University/Desktop/FRB/fomc_transcript/data/processed/Attendees\20010627_att.csv,58,49,9,0.8448275862068966,0.1551724137931034,48,1,9,0,0,10,0.1,0.9,0,,
60,/Users/ds3228/OneDrive - Yale University/Desktop/FRB/fomc_transcript/data/processed/Voters\20010821_voters.csv,20010821,/Users/ds3228/OneDrive - Yale University/Desktop/FRB/fomc_transcript/data/processed/Attendees\20010821_att.csv,55,47,8,0.8545454545454545,0.1454545454545454,45,1,9,0,0,10,0.1,0.9,0,,
61,/Users/ds3228/OneDrive - Yale University/Desktop/FRB/fomc_transcript/data/processed/Voters\20011002_voters.csv,20011002,/Users/ds3228/OneDrive - Yale University/Desktop/FRB/fomc_transcript/data/processed/Attendees\20011002_att.csv,52,45,7,0.8653846153846154,0.1346153846153846,42,1,9,0,0,10,0.1,0.9,0,,
62,/Users/ds3228/OneDrive - Yale University/Desktop/FRB/fomc_transcript/data/processed/Voters\20011106_voters.csv,20011106,/Users/ds3228/OneDrive - Yale University/Desktop/FRB/fomc_transcript/data/processed/Attendees\20011106_att.csv,53,46,7,0.8679245283018868,0.1320754716981132,44,1,8,0,0,9,0.1111111111111111,0.8888888888888888,0,,
63,/Users/ds3228/OneDrive - Yale University/Desktop/FRB/fomc_transcript/data/processed/Voters\20011211_voters.csv,20011211,/Users/ds3228/OneDrive - Yale University/Desktop/FRB/fomc_transcript/data/processed/Attendees\20011211_att.csv,56,48,8,0.8571428571428571,0.1428571428571428,46,2,8,0,0,10,0.2,0.8,0,,
64,/Users/ds3228/OneDrive - Yale University/Desktop/FRB/fomc_transcript/data/processed/Voters\20020130_voters.csv,20020130,/Users/ds3228/OneDrive - Yale University/Desktop/FRB/fomc_transcript/data/processed/Attendees\20020130_att.csv,65,57,8,0.8769230769230769,0.123076923076923,55,1,8,0,0,9,0.1111111111111111,0.8888888888888888,0,,
65,/Users/ds3228/OneDrive - Yale University/Desktop/FRB/fomc_transcript/data/processed/Voters\20020319_voters.csv,20020319,/Users/ds3228/OneDrive - Yale University/Desktop/FRB/fomc_transcript/data/processed/Attendees\20020319_att.csv,54,45,9,0.8333333333333334,0.1666666666666666,44,1,8,0,0,9,0.1111111111111111,0.8888888888888888,0,,
66,/Users/ds3228/OneDrive - Yale University/Desktop/FRB/fomc_transcript/data/processed/Voters\20020507_voters.csv,20020507,/Users/ds3228/OneDrive - Yale University/Desktop/FRB/fomc_transcript/data/processed/Attendees\20020507_att.csv,51,42,8,0.8235294117647058,0.1568627450980392,41,1,8,0,1,9,0.1111111111111111,0.8888888888888888,1,0.0,1.0
67,/Users/ds3228/OneDrive - Yale University/Desktop/FRB/fomc_transcript/data/processed/Voters\20020626_voters.csv,20020626,/Users/ds3228/OneDrive - Yale University/Desktop/FRB/fomc_transcript/data/processed/Attendees\20020626_att.csv,61,52,9,0.8524590163934426,0.1475409836065573,51,1,8,0,0,9,0.1111111111111111,0.8888888888888888,0,,
68,/Users/ds3228/OneDrive - Yale University/Desktop/FRB/fomc_transcript/data/processed/Voters\20020813_voters.csv,20020813,/Users/ds3228/OneDrive - Yale University/Desktop/FRB/fomc_transcript/data/processed/Attendees\20020813_att.csv,57,49,8,0.8596491228070176,0.1403508771929824,45,1,9,0,0,10,0.1,0.9,0,,
69,/Users/ds3228/OneDrive - Yale University/Desktop/FRB/fomc_transcript/data/processed/Voters\20020924_voters.csv,20020924,/Users/ds3228/OneDrive - Yale University/Desktop/FRB/fomc_transcript/data/processed/Attendees\20020924_att.csv,55,50,5,0.9090909090909092,0.0909090909090909,43,1,9,0,0,10,0.1,0.9,0,,
70,/Users/ds3228/OneDrive - Yale University/Desktop/FRB/fomc_transcript/data/processed/Voters\20021106_voters.csv,20021106,/Users/ds3228/OneDrive - Yale University/Desktop/FRB/fomc_transcript/data/processed/Attendees\20021106_att.csv,53,46,7,0.8679245283018868,0.1320754716981132,41,1,9,0,0,10,0.1,0.9,0,,
71,/Users/ds3228/OneDrive - Yale University/Desktop/FRB/fomc_transcript/data/processed/Voters\20021210_voters.csv,20021210,/Users/ds3228/OneDrive - Yale University/Desktop/FRB/fomc_transcript/data/processed/Attendees\20021210_att.csv,54,46,8,0.8518518518518519,0.1481481481481481,42,1,9,0,0,10,0.1,0.9,0,,
72,/Users/ds3228/OneDrive - Yale University/Desktop/FRB/fomc_transcript/data/processed/Voters\20030129_voters.csv,20030129,/Users/ds3228/OneDrive - Yale University/Desktop/FRB/fomc_transcript/data/processed/Attendees\20030129_att.csv,63,54,9,0.8571428571428571,0.1428571428571428,51,1,9,0,0,10,0.1,0.9,0,,
73,/Users/ds3228/OneDrive - Yale University/Desktop/FRB/fomc_transcript/data/processed/Voters\20030318_voters.csv,20030318,/Users/ds3228/OneDrive - Yale University/Desktop/FRB/fomc_transcript/data/processed/Attendees\20030318_att.csv,52,44,8,0.8461538461538461,0.1538461538461538,40,1,9,0,0,10,0.1,0.9,0,,
74,/Users/ds3228/OneDrive - Yale University/Desktop/FRB/fomc_transcript/data/processed/Voters\20030506_voters.csv,20030506,/Users/ds3228/OneDrive - Yale University/Desktop/FRB/fomc_transcript/data/processed/Attendees\20030506_att.csv,55,46,9,0.8363636363636363,0.1636363636363636,43,1,9,0,0,10,0.1,0.9,0,,
75,/Users/ds3228/OneDrive - Yale University/Desktop/FRB/fomc_transcript/data/processed/Voters\20030625_voters.csv,20030625,/Users/ds3228/OneDrive - Yale University/Desktop/FRB/fomc_transcript/data/processed/Attendees\20030625_att.csv,61,53,8,0.8688524590163934,0.1311475409836065,49,1,8,0,0,9,0.1111111111111111,0.8888888888888888,0,,
76,/Users/ds3228/OneDrive - Yale University/Desktop/FRB/fomc_transcript/data/processed/Voters\20030812_voters.csv,20030812,/Users/ds3228/OneDrive - Yale University/Desktop/FRB/fomc_transcript/data/processed/Attendees\20030812_att.csv,53,44,9,0.8301886792452831,0.1698113207547169,41,1,8,0,0,9,0.1111111111111111,0.8888888888888888,0,,
77,/Users/ds3228/OneDrive - Yale University/Desktop/FRB/fomc_transcript/data/processed/Voters\20030916_voters.csv,20030916,/Users/ds3228/OneDrive - Yale University/Desktop/FRB/fomc_transcript/data/processed/Attendees\20030916_att.csv,55,46,9,0.8363636363636363,0.1636363636363636,43,1,8,0,0,9,0.1111111111111111,0.8888888888888888,0,,
78,/Users/ds3228/OneDrive - Yale University/Desktop/FRB/fomc_transcript/data/processed/Voters\20031028_voters.csv,20031028,/Users/ds3228/OneDrive - Yale University/Desktop/FRB/fomc_transcript/data/processed/Attendees\20031028_att.csv,52,43,9,0.8269230769230769,0.173076923076923,40,1,8,0,0,9,0.1111111111111111,0.8888888888888888,0,,
79,/Users/ds3228/OneDrive - Yale University/Desktop/FRB/fomc_transcript/data/processed/Voters\20031209_voters.csv,20031209,/Users/ds3228/OneDrive - Yale University/Desktop/FRB/fomc_transcript/data/processed/Attendees\20031209_att.csv,58,50,8,0.8620689655172413,0.1379310344827586,46,0,5,0,0,5,0.0,1.0,0,,
80,/Users/ds3228/OneDrive - Yale University/Desktop/FRB/fomc_transcript/data/processed/Voters\20040128_voters.csv,20040128,/Users/ds3228/OneDrive - Yale University/Desktop/FRB/fomc_transcript/data/processed/Attendees\20040128_att.csv,59,50,9,0.847457627118644,0.1525423728813559,47,3,7,0,0,10,0.3,0.7,0,,
81,/Users/ds3228/OneDrive - Yale University/Desktop/FRB/fomc_transcript/data/processed/Voters\20040316_voters.csv,20040316,/Users/ds3228/OneDrive - Yale University/Desktop/FRB/fomc_transcript/data/processed/Attendees\20040316_att.csv,57,49,8,0.8596491228070176,0.1403508771929824,45,3,7,0,0,10,0.3,0.7,0,,
82,/Users/ds3228/OneDrive - Yale University/Desktop/FRB/fomc_transcript/data/processed/Voters\20040504_voters.csv,20040504,/Users/ds3228/OneDrive - Yale University/Desktop/FRB/fomc_transcript/data/processed/Attendees\20040504_att.csv,56,48,8,0.8571428571428571,0.1428571428571428,44,3,7,0,0,10,0.3,0.7,0,,
83,/Users/ds3228/OneDrive - Yale University/Desktop/FRB/fomc_transcript/data/processed/Voters\20040630_voters.csv,20040630,/Users/ds3228/OneDrive - Yale University/Desktop/FRB/fomc_transcript/data/processed/Attendees\20040630_att.csv,64,52,12,0.8125,0.1875,52,3,7,0,0,10,0.3,0.7,0,,
84,/Users/ds3228/OneDrive - Yale University/Desktop/FRB/fomc_transcript/data/processed/Voters\20040810_voters.csv,20040810,/Users/ds3228/OneDrive - Yale University/Desktop/FRB/fomc_transcript/data/processed/Attendees\20040810_att.csv,53,45,8,0.8490566037735849,0.1509433962264151,41,3,7,0,0,10,0.3,0.7,0,,
85,/Users/ds3228/OneDrive - Yale University/Desktop/FRB/fomc_transcript/data/processed/Voters\20040921_voters.csv,20040921,/Users/ds3228/OneDrive - Yale University/Desktop/FRB/fomc_transcript/data/processed/Attendees\20040921_att.csv,58,47,11,0.8103448275862069,0.1896551724137931,46,3,7,0,0,10,0.3,0.7,0,,
86,/Users/ds3228/OneDrive - Yale University/Desktop/FRB/fomc_transcript/data/processed/Voters\20041110_voters.csv,20041110,/Users/ds3228/OneDrive - Yale University/Desktop/FRB/fomc_transcript/data/processed/Attendees\20041110_att.csv,58,48,10,0.8275862068965517,0.1724137931034483,46,3,7,0,0,10,0.3,0.7,0,,
87,/Users/ds3228/OneDrive - Yale University/Desktop/FRB/fomc_transcript/data/processed/Voters\20041214_voters.csv,20041214,/Users/ds3228/OneDrive - Yale University/Desktop/FRB/fomc_transcript/data/processed/Attendees\20041214_att.csv,59,48,11,0.8135593220338984,0.1864406779661017,47,3,7,0,0,10,0.3,0.7,0,,
88,/Users/ds3228/OneDrive - Yale University/Desktop/FRB/fomc_transcript/data/processed/Voters\20050202_voters.csv,20050202,/Users/ds3228/OneDrive - Yale University/Desktop/FRB/fomc_transcript/data/processed/Attendees\20050202_att.csv,68,57,11,0.8382352941176471,0.1617647058823529,56,1,10,0,0,11,0.09090909090909091,0.9090909090909091,0,,
89,/Users/ds3228/OneDrive - Yale University/Desktop/FRB/fomc_transcript/data/processed/Voters\20050322_voters.csv,20050322,/Users/ds3228/OneDrive - Yale University/Desktop/FRB/fomc_transcript/data/processed/Attendees\20050322_att.csv,57,47,10,0.8245614035087719,0.175438596491228,45,1,10,0,0,11,0.09090909090909091,0.9090909090909091,0,,
90,/Users/ds3228/OneDrive - Yale University/Desktop/FRB/fomc_transcript/data/processed/Voters\20050503_voters.csv,20050503,/Users/ds3228/OneDrive - Yale University/Desktop/FRB/fomc_transcript/data/processed/Attendees\20050503_att.csv,58,48,10,0.8275862068965517,0.1724137931034483,47,1,9,0,0,10,0.1,0.9,0,,
91,/Users/ds3228/OneDrive - Yale University/Desktop/FRB/fomc_transcript/data/processed/Voters\20050630_voters.csv,20050630,/Users/ds3228/OneDrive - Yale University/Desktop/FRB/fomc_transcript/data/processed/Attendees\20050630_att.csv,70,59,11,0.8428571428571429,0.1571428571428571,59,1,9,0,0,10,0.1,0.9,0,,
92,/Users/ds3228/OneDrive - Yale University/Desktop/FRB/fomc_transcript/data/processed/Voters\20050809_voters.csv,20050809,/Users/ds3228/OneDrive - Yale University/Desktop/FRB/fomc_transcript/data/processed/Attendees\20050809_att.csv,51,40,11,0.7843137254901961,0.2156862745098039,41,1,8,0,0,9,0.1111111111111111,0.8888888888888888,0,,
93,/Users/ds3228/OneDrive - Yale University/Desktop/FRB/fomc_transcript/data/processed/Voters\20050920_voters.csv,20050920,/Users/ds3228/OneDrive - Yale University/Desktop/FRB/fomc_transcript/data/processed/Attendees\20050920_att.csv,55,46,9,0.8363636363636363,0.1636363636363636,45,1,8,0,0,9,0.1111111111111111,0.8888888888888888,0,,
94,/Users/ds3228/OneDrive - Yale University/Desktop/FRB/fomc_transcript/data/processed/Voters\20051101_voters.csv,20051101,/Users/ds3228/OneDrive - Yale University/Desktop/FRB/fomc_transcript/data/processed/Attendees\20051101_att.csv,52,42,10,0.8076923076923077,0.1923076923076923,42,1,8,0,0,9,0.1111111111111111,0.8888888888888888,0,,
95,/Users/ds3228/OneDrive - Yale University/Desktop/FRB/fomc_transcript/data/processed/Voters\20051213_voters.csv,20051213,/Users/ds3228/OneDrive - Yale University/Desktop/FRB/fomc_transcript/data/processed/Attendees\20051213_att.csv,56,45,11,0.8035714285714286,0.1964285714285714,46,1,8,0,0,9,0.1111111111111111,0.8888888888888888,0,,
96,/Users/ds3228/OneDrive - Yale University/Desktop/FRB/fomc_transcript/data/processed/Voters\20060131_voters.csv,20060131,/Users/ds3228/OneDrive - Yale University/Desktop/FRB/fomc_transcript/data/processed/Attendees\20060131_att.csv,59,46,13,0.7796610169491526,0.2203389830508474,49,3,7,0,0,10,0.3,0.7,0,,
97,/Users/ds3228/OneDrive - Yale University/Desktop/FRB/fomc_transcript/data/processed/Voters\20060328_voters.csv,20060328,/Users/ds3228/OneDrive - Yale University/Desktop/FRB/fomc_transcript/data/processed/Attendees\20060328_att.csv,56,45,11,0.8035714285714286,0.1964285714285714,45,3,8,0,0,11,0.2727272727272727,0.7272727272727273,0,,
98,/Users/ds3228/OneDrive - Yale University/Desktop/FRB/fomc_transcript/data/processed/Voters\20060510_voters.csv,20060510,/Users/ds3228/OneDrive - Yale University/Desktop/FRB/fomc_transcript/data/processed/Attendees\20060510_att.csv,53,44,9,0.8301886792452831,0.1698113207547169,42,3,8,0,0,11,0.2727272727272727,0.7272727272727273,0,,
99,/Users/ds3228/OneDrive - Yale University/Desktop/FRB/fomc_transcript/data/processed/Voters\20060629_voters.csv,20060629,/Users/ds3228/OneDrive - Yale University/Desktop/FRB/fomc_transcript/data/processed/Attendees\20060629_att.csv,58,47,11,0.8103448275862069,0.1896551724137931,48,3,7,0,0,10,0.3,0.7,0,,
100,/Users/ds3228/OneDrive - Yale University/Desktop/FRB/fomc_transcript/data/processed/Voters\20060808_voters.csv,20060808,/Users/ds3228/OneDrive - Yale University/Desktop/FRB/fomc_transcript/data/processed/Attendees\20060808_att.csv,53,42,11,0.7924528301886793,0.2075471698113207,43,3,7,0,0,10,0.3,0.7,0,,
101,/Users/ds3228/OneDrive - Yale University/Desktop/FRB/fomc_transcript/data/processed/Voters\20060920_voters.csv,20060920,/Users/ds3228/OneDrive - Yale University/Desktop/FRB/fomc_transcript/data/processed/Attendees\20060920_att.csv,56,45,11,0.8035714285714286,0.1964285714285714,45,3,8,0,0,11,0.2727272727272727,0.7272727272727273,0,,
102,/Users/ds3228/OneDrive - Yale University/Desktop/FRB/fomc_transcript/data/processed/Voters\20061025_voters.csv,20061025,/Users/ds3228/OneDrive - Yale University/Desktop/FRB/fomc_transcript/data/processed/Attendees\20061025_att.csv,56,44,12,0.7857142857142857,0.2142857142857142,45,3,8,0,0,11,0.2727272727272727,0.7272727272727273,0,,
103,/Users/ds3228/OneDrive - Yale University/Desktop/FRB/fomc_transcript/data/processed/Voters\20061212_voters.csv,20061212,/Users/ds3228/OneDrive - Yale University/Desktop/FRB/fomc_transcript/data/processed/Attendees\20061212_att.csv,59,47,12,0.7966101694915254,0.2033898305084746,48,3,8,0,0,11,0.2727272727272727,0.7272727272727273,0,,
104,/Users/ds3228/OneDrive - Yale University/Desktop/FRB/fomc_transcript/data/processed/Voters\20070131_voters.csv,20070131,/Users/ds3228/OneDrive - Yale University/Desktop/FRB/fomc_transcript/data/processed/Attendees\20070131_att.csv,68,53,14,0.7794117647058824,0.2058823529411764,57,2,8,0,1,10,0.2,0.8,1,0.0,1.0
105,/Users/ds3228/OneDrive - Yale University/Desktop/FRB/fomc_transcript/data/processed/Voters\20070321_voters.csv,20070321,/Users/ds3228/OneDrive - Yale University/Desktop/FRB/fomc_transcript/data/processed/Attendees\20070321_att.csv,62,49,13,0.7903225806451613,0.2096774193548387,52,1,8,0,0,9,0.1111111111111111,0.8888888888888888,0,,
106,/Users/ds3228/OneDrive - Yale University/Desktop/FRB/fomc_transcript/data/processed/Voters\20070509_voters.csv,20070509,/Users/ds3228/OneDrive - Yale University/Desktop/FRB/fomc_transcript/data/processed/Attendees\20070509_att.csv,57,47,10,0.8245614035087719,0.175438596491228,47,1,8,0,0,9,0.1111111111111111,0.8888888888888888,0,,
107,/Users/ds3228/OneDrive - Yale University/Desktop/FRB/fomc_transcript/data/processed/Voters\20070628_voters.csv,20070628,/Users/ds3228/OneDrive - Yale University/Desktop/FRB/fomc_transcript/data/processed/Attendees\20070628_att.csv,58,45,13,0.7758620689655172,0.2241379310344827,48,1,8,0,0,9,0.1111111111111111,0.8888888888888888,0,,
108,/Users/ds3228/OneDrive - Yale University/Desktop/FRB/fomc_transcript/data/processed/Voters\20070807_voters.csv,20070807,/Users/ds3228/OneDrive - Yale University/Desktop/FRB/fomc_transcript/data/processed/Attendees\20070807_att.csv,56,46,10,0.8214285714285714,0.1785714285714285,46,0,8,0,0,8,0.0,1.0,0,,
109,/Users/ds3228/OneDrive - Yale University/Desktop/FRB/fomc_transcript/data/processed/Voters\20070918_voters.csv,20070918,/Users/ds3228/OneDrive - Yale University/Desktop/FRB/fomc_transcript/data/processed/Attendees\20070918_att.csv,63,50,13,0.7936507936507936,0.2063492063492063,53,0,9,0,0,9,0.0,1.0,0,,
110,/Users/ds3228/OneDrive - Yale University/Desktop/FRB/fomc_transcript/data/processed/Voters\20071031_voters.csv,20071031,/Users/ds3228/OneDrive - Yale University/Desktop/FRB/fomc_transcript/data/processed/Attendees\20071031_att.csv,61,52,9,0.8524590163934426,0.1475409836065573,51,0,9,0,0,9,0.0,1.0,0,,
111,/Users/ds3228/OneDrive - Yale University/Desktop/FRB/fomc_transcript/data/processed/Voters\20071211_voters.csv,20071211,/Users/ds3228/OneDrive - Yale University/Desktop/FRB/fomc_transcript/data/processed/Attendees\20071211_att.csv,55,47,8,0.8545454545454545,0.1454545454545454,45,0,9,0,0,9,0.0,1.0,0,,
112,/Users/ds3228/OneDrive - Yale University/Desktop/FRB/fomc_transcript/data/processed/Voters\20080130_voters.csv,20080130,/Users/ds3228/OneDrive - Yale University/Desktop/FRB/fomc_transcript/data/processed/Attendees\20080130_att.csv,68,56,12,0.8235294117647058,0.1764705882352941,58,1,9,0,0,10,0.1,0.9,0,,
113,/Users/ds3228/OneDrive - Yale University/Desktop/FRB/fomc_transcript/data/processed/Voters\20080318_voters.csv,20080318,/Users/ds3228/OneDrive - Yale University/Desktop/FRB/fomc_transcript/data/processed/Attendees\20080318_att.csv,56,48,8,0.8571428571428571,0.1428571428571428,46,1,9,0,0,10,0.1,0.9,0,,
114,/Users/ds3228/OneDrive - Yale University/Desktop/FRB/fomc_transcript/data/processed/Voters\20080430_voters.csv,20080430,/Users/ds3228/OneDrive - Yale University/Desktop/FRB/fomc_transcript/data/processed/Attendees\20080430_att.csv,74,57,17,0.7702702702702703,0.2297297297297297,64,1,9,0,0,10,0.1,0.9,0,,
115,/Users/ds3228/OneDrive - Yale University/Desktop/FRB/fomc_transcript/data/processed/Voters\20080625_voters.csv,20080625,/Users/ds3228/OneDrive - Yale University/Desktop/FRB/fomc_transcript/data/processed/Attendees\20080625_att.csv,73,57,16,0.7808219178082192,0.2191780821917808,63,1,9,0,0,10,0.1,0.9,0,,
116,/Users/ds3228/OneDrive - Yale University/Desktop/FRB/fomc_transcript/data/processed/Voters\20080805_voters.csv,20080805,/Users/ds3228/OneDrive - Yale University/Desktop/FRB/fomc_transcript/data/processed/Attendees\20080805_att.csv,55,46,9,0.8363636363636363,0.1636363636363636,44,2,9,0,0,11,0.18181818181818182,0.8181818181818182,0,,
117,/Users/ds3228/OneDrive - Yale University/Desktop/FRB/fomc_transcript/data/processed/Voters\20080916_voters.csv,20080916,/Users/ds3228/OneDrive - Yale University/Desktop/FRB/fomc_transcript/data/processed/Attendees\20080916_att.csv,56,48,8,0.8571428571428571,0.1428571428571428,46,3,7,0,0,10,0.3,0.7,0,,
118,/Users/ds3228/OneDrive - Yale University/Desktop/FRB/fomc_transcript/data/processed/Voters\20081029_voters.csv,20081029,/Users/ds3228/OneDrive - Yale University/Desktop/FRB/fomc_transcript/data/processed/Attendees\20081029_att.csv,62,51,11,0.8225806451612904,0.1774193548387097,52,2,8,0,0,10,0.2,0.8,0,,
119,/Users/ds3228/OneDrive - Yale University/Desktop/FRB/fomc_transcript/data/processed/Voters\20081216_voters.csv,20081216,/Users/ds3228/OneDrive - Yale University/Desktop/FRB/fomc_transcript/data/processed/Attendees\20081216_att.csv,61,49,12,0.8032786885245902,0.1967213114754098,51,3,7,0,0,10,0.3,0.7,0,,
120,/Users/ds3228/OneDrive - Yale University/Desktop/FRB/fomc_transcript/data/processed/Voters\20090128_voters.csv,20090128,/Users/ds3228/OneDrive - Yale University/Desktop/FRB/fomc_transcript/data/processed/Attendees\20090128_att.csv,69,51,17,0.7391304347826086,0.2463768115942029,60,2,7,0,1,9,0.2222222222222222,0.7777777777777778,1,0.0,1.0
121,/Users/ds3228/OneDrive - Yale University/Desktop/FRB/fomc_transcript/data/processed/Voters\20090318_voters.csv,20090318,/Users/ds3228/OneDrive - Yale University/Desktop/FRB/fomc_transcript/data/processed/Attendees\20090318_att.csv,63,51,11,0.8095238095238095,0.1746031746031746,53,2,8,0,1,10,0.2,0.8,1,0.0,1.0
122,/Users/ds3228/OneDrive - Yale University/Desktop/FRB/fomc_transcript/data/processed/Voters\20090429_voters.csv,20090429,/Users/ds3228/OneDrive - Yale University/Desktop/FRB/fomc_transcript/data/processed/Attendees\20090429_att.csv,64,50,13,0.78125,0.203125,54,2,8,0,1,10,0.2,0.8,1,0.0,1.0
123,/Users/ds3228/OneDrive - Yale University/Desktop/FRB/fomc_transcript/data/processed/Voters\20090624_voters.csv,20090624,/Users/ds3228/OneDrive - Yale University/Desktop/FRB/fomc_transcript/data/processed/Attendees\20090624_att.csv,69,57,12,0.8260869565217391,0.1739130434782608,59,2,8,0,0,10,0.2,0.8,0,,
124,/Users/ds3228/OneDrive - Yale University/Desktop/FRB/fomc_transcript/data/processed/Voters\20090812_voters.csv,20090812,/Users/ds3228/OneDrive - Yale University/Desktop/FRB/fomc_transcript/data/processed/Attendees\20090812_att.csv,65,51,14,0.7846153846153846,0.2153846153846154,55,2,8,0,0,10,0.2,0.8,0,,
125,/Users/ds3228/OneDrive - Yale University/Desktop/FRB/fomc_transcript/data/processed/Voters\20090923_voters.csv,20090923,/Users/ds3228/OneDrive - Yale University/Desktop/FRB/fomc_transcript/data/processed/Attendees\20090923_att.csv,59,47,12,0.7966101694915254,0.2033898305084746,49,2,8,0,0,10,0.2,0.8,0,,
126,/Users/ds3228/OneDrive - Yale University/Desktop/FRB/fomc_transcript/data/processed/Voters\20091104_voters.csv,20091104,/Users/ds3228/OneDrive - Yale University/Desktop/FRB/fomc_transcript/data/processed/Attendees\20091104_att.csv,60,46,14,0.7666666666666667,0.2333333333333333,50,2,8,0,0,10,0.2,0.8,0,,
127,/Users/ds3228/OneDrive - Yale University/Desktop/FRB/fomc_transcript/data/processed/Voters\20091216_voters.csv,20091216,/Users/ds3228/OneDrive - Yale University/Desktop/FRB/fomc_transcript/data/processed/Attendees\20091216_att.csv,66,55,11,0.8333333333333334,0.1666666666666666,56,2,8,0,0,10,0.2,0.8,0,,
128,/Users/ds3228/OneDrive - Yale University/Desktop/FRB/fomc_transcript/data/processed/Voters\20100127_voters.csv,20100127,/Users/ds3228/OneDrive - Yale University/Desktop/FRB/fomc_transcript/data/processed/Attendees\20100127_att.csv,71,56,15,0.7887323943661971,0.2112676056338028,61,2,8,0,0,10,0.2,0.8,0,,
129,/Users/ds3228/OneDrive - Yale University/Desktop/FRB/fomc_transcript/data/processed/Voters\20100316_voters.csv,20100316,/Users/ds3228/OneDrive - Yale University/Desktop/FRB/fomc_transcript/data/processed/Attendees\20100316_att.csv,60,48,12,0.8,0.2,50,2,8,0,0,10,0.2,0.8,0,,
130,/Users/ds3228/OneDrive - Yale University/Desktop/FRB/fomc_transcript/data/processed/Voters\20100428_voters.csv,20100428,/Users/ds3228/OneDrive - Yale University/Desktop/FRB/fomc_transcript/data/processed/Attendees\20100428_att.csv,67,53,14,0.7910447761194029,0.208955223880597,57,2,8,0,0,10,0.2,0.8,0,,
131,/Users/ds3228/OneDrive - Yale University/Desktop/FRB/fomc_transcript/data/processed/Voters\20100623_voters.csv,20100623,/Users/ds3228/OneDrive - Yale University/Desktop/FRB/fomc_transcript/data/processed/Attendees\20100623_att.csv,72,58,14,0.8055555555555556,0.1944444444444444,62,2,8,0,0,10,0.2,0.8,0,,
132,/Users/ds3228/OneDrive - Yale University/Desktop/FRB/fomc_transcript/data/processed/Voters\20100810_voters.csv,20100810,/Users/ds3228/OneDrive - Yale University/Desktop/FRB/fomc_transcript/data/processed/Attendees\20100810_att.csv,64,50,14,0.78125,0.21875,54,2,8,0,0,10,0.2,0.8,0,,
133,/Users/ds3228/OneDrive - Yale University/Desktop/FRB/fomc_transcript/data/processed/Voters\20100921_voters.csv,20100921,/Users/ds3228/OneDrive - Yale University/Desktop/FRB/fomc_transcript/data/processed/Attendees\20100921_att.csv,60,49,11,0.8166666666666667,0.1833333333333333,51,2,7,0,0,9,0.2222222222222222,0.7777777777777778,0,,
134,/Users/ds3228/OneDrive - Yale University/Desktop/FRB/fomc_transcript/data/processed/Voters\20101103_voters.csv,20101103,/Users/ds3228/OneDrive - Yale University/Desktop/FRB/fomc_transcript/data/processed/Attendees\20101103_att.csv,64,52,12,0.8125,0.1875,54,3,7,0,0,10,0.3,0.7,0,,
135,/Users/ds3228/OneDrive - Yale University/Desktop/FRB/fomc_transcript/data/processed/Voters\20101214_voters.csv,20101214,/Users/ds3228/OneDrive - Yale University/Desktop/FRB/fomc_transcript/data/processed/Attendees\20101214_att.csv,60,49,11,0.8166666666666667,0.1833333333333333,49,4,7,0,0,11,0.36363636363636365,0.6363636363636364,0,,
136,/Users/ds3228/OneDrive - Yale University/Desktop/FRB/fomc_transcript/data/processed/Voters\20110126_voters.csv,20110126,/Users/ds3228/OneDrive - Yale University/Desktop/FRB/fomc_transcript/data/processed/Attendees\20110126_att.csv,69,54,15,0.782608695652174,0.217391304347826,58,3,8,0,0,11,0.2727272727272727,0.7272727272727273,0,,
137,/Users/ds3228/OneDrive - Yale University/Desktop/FRB/fomc_transcript/data/processed/Voters\20110315_voters.csv,20110315,/Users/ds3228/OneDrive - Yale University/Desktop/FRB/fomc_transcript/data/processed/Attendees\20110315_att.csv,61,50,11,0.819672131147541,0.180327868852459,51,3,7,0,0,10,0.3,0.7,0,,
138,/Users/ds3228/OneDrive - Yale University/Desktop/FRB/fomc_transcript/data/processed/Voters\20110427_voters.csv,20110427,/Users/ds3228/OneDrive - Yale University/Desktop/FRB/fomc_transcript/data/processed/Attendees\20110427_att.csv,64,52,12,0.8125,0.1875,54,3,7,0,0,10,0.3,0.7,0,,
139,/Users/ds3228/OneDrive - Yale University/Desktop/FRB/fomc_transcript/data/processed/Voters\20110622_voters.csv,20110622,/Users/ds3228/OneDrive - Yale University/Desktop/FRB/fomc_transcript/data/processed/Attendees\20110622_att.csv,70,55,15,0.7857142857142857,0.2142857142857142,60,3,7,0,0,10,0.3,0.7,0,,
140,/Users/ds3228/OneDrive - Yale University/Desktop/FRB/fomc_transcript/data/processed/Voters\20110809_voters.csv,20110809,/Users/ds3228/OneDrive - Yale University/Desktop/FRB/fomc_transcript/data/processed/Attendees\20110809_att.csv,62,50,12,0.8064516129032258,0.1935483870967742,52,3,7,0,0,10,0.3,0.7,0,,
141,/Users/ds3228/OneDrive - Yale University/Desktop/FRB/fomc_transcript/data/processed/Voters\20110921_voters.csv,20110921,/Users/ds3228/OneDrive - Yale University/Desktop/FRB/fomc_transcript/data/processed/Attendees\20110921_att.csv,63,47,15,0.746031746031746,0.238095238095238,53,3,7,0,1,10,0.3,0.7,1,0.0,1.0
142,/Users/ds3228/OneDrive - Yale University/Desktop/FRB/fomc_transcript/data/processed/Voters\20111102_voters.csv,20111102,/Users/ds3228/OneDrive - Yale University/Desktop/FRB/fomc_transcript/data/processed/Attendees\20111102_att.csv,66,50,16,0.7575757575757576,0.2424242424242424,56,3,7,0,0,10,0.3,0.7,0,,
143,/Users/ds3228/OneDrive - Yale University/Desktop/FRB/fomc_transcript/data/processed/Voters\20111213_voters.csv,20111213,/Users/ds3228/OneDrive - Yale University/Desktop/FRB/fomc_transcript/data/processed/Attendees\20111213_att.csv,62,47,15,0.7580645161290323,0.2419354838709677,52,3,7,0,0,10,0.3,0.7,0,,
144,/Users/ds3228/OneDrive - Yale University/Desktop/FRB/fomc_transcript/data/processed/Voters\20120125_voters.csv,20120125,/Users/ds3228/OneDrive - Yale University/Desktop/FRB/fomc_transcript/data/processed/Attendees\20120125_att.csv,71,54,16,0.7605633802816901,0.2253521126760563,61,3,6,0,0,9,0.3333333333333333,0.6666666666666666,0,,
145,/Users/ds3228/OneDrive - Yale University/Desktop/FRB/fomc_transcript/data/processed/Voters\20120313_voters.csv,20120313,/Users/ds3228/OneDrive - Yale University/Desktop/FRB/fomc_transcript/data/processed/Attendees\20120313_att.csv,60,47,13,0.7833333333333333,0.2166666666666666,50,3,6,0,0,9,0.3333333333333333,0.6666666666666666,0,,
146,/Users/ds3228/OneDrive - Yale University/Desktop/FRB/fomc_transcript/data/processed/Voters\20120425_voters.csv,20120425,/Users/ds3228/OneDrive - Yale University/Desktop/FRB/fomc_transcript/data/processed/Attendees\20120425_att.csv,62,46,16,0.7419354838709677,0.2580645161290322,52,3,6,0,0,9,0.3333333333333333,0.6666666666666666,0,,
147,/Users/ds3228/OneDrive - Yale University/Desktop/FRB/fomc_transcript/data/processed/Voters\20120620_voters.csv,20120620,/Users/ds3228/OneDrive - Yale University/Desktop/FRB/fomc_transcript/data/processed/Attendees\20120620_att.csv,69,52,17,0.7536231884057971,0.2463768115942029,57,3,8,0,0,11,0.2727272727272727,0.7272727272727273,0,,
148,/Users/ds3228/OneDrive - Yale University/Desktop/FRB/fomc_transcript/data/processed/Voters\20120801_voters.csv,20120801,/Users/ds3228/OneDrive - Yale University/Desktop/FRB/fomc_transcript/data/processed/Attendees\20120801_att.csv,64,49,15,0.765625,0.234375,52,3,8,0,0,11,0.2727272727272727,0.7272727272727273,0,,
149,/Users/ds3228/OneDrive - Yale University/Desktop/FRB/fomc_transcript/data/processed/Voters\20120913_voters.csv,20120913,/Users/ds3228/OneDrive - Yale University/Desktop/FRB/fomc_transcript/data/processed/Attendees\20120913_att.csv,68,51,17,0.75,0.25,56,3,8,0,0,11,0.2727272727272727,0.7272727272727273,0,,
150,/Users/ds3228/OneDrive - Yale University/Desktop/FRB/fomc_transcript/data/processed/Voters\20121024_voters.csv,20121024,/Users/ds3228/OneDrive - Yale University/Desktop/FRB/fomc_transcript/data/processed/Attendees\20121024_att.csv,63,48,15,0.7619047619047619,0.238095238095238,51,3,8,0,0,11,0.2727272727272727,0.7272727272727273,0,,
151,/Users/ds3228/OneDrive - Yale University/Desktop/FRB/fomc_transcript/data/processed/Voters\20121212_voters.csv,20121212,/Users/ds3228/OneDrive - Yale University/Desktop/FRB/fomc_transcript/data/processed/Attendees\20121212_att.csv,66,45,21,0.6818181818181818,0.3181818181818182,54,3,8,0,0,11,0.2727272727272727,0.7272727272727273,0,,
152,/Users/ds3228/OneDrive - Yale University/Desktop/FRB/fomc_transcript/data/processed/Voters\20130130_voters.csv,20130130,/Users/ds3228/OneDrive - Yale University/Desktop/FRB/fomc_transcript/data/processed/Attendees\20130130_att.csv,71,54,17,0.7605633802816901,0.2394366197183098,59,3,8,0,0,11,0.2727272727272727,0.7272727272727273,0,,
153,/Users/ds3228/OneDrive - Yale University/Desktop/FRB/fomc_transcript/data/processed/Voters\20130320_voters.csv,20130320,/Users/ds3228/OneDrive - Yale University/Desktop/FRB/fomc_transcript/data/processed/Attendees\20130320_att.csv,68,54,14,0.7941176470588235,0.2058823529411764,56,3,8,0,0,11,0.2727272727272727,0.7272727272727273,0,,
154,/Users/ds3228/OneDrive - Yale University/Desktop/FRB/fomc_transcript/data/processed/Voters\20130501_voters.csv,20130501,/Users/ds3228/OneDrive - Yale University/Desktop/FRB/fomc_transcript/data/processed/Attendees\20130501_att.csv,63,51,12,0.8095238095238095,0.1904761904761904,51,3,8,0,0,11,0.2727272727272727,0.7272727272727273,0,,
155,/Users/ds3228/OneDrive - Yale University/Desktop/FRB/fomc_transcript/data/processed/Voters\20130619_voters.csv,20130619,/Users/ds3228/OneDrive - Yale University/Desktop/FRB/fomc_transcript/data/processed/Attendees\20130619_att.csv,71,55,16,0.7746478873239436,0.2253521126760563,59,3,8,0,0,11,0.2727272727272727,0.7272727272727273,0,,
156,/Users/ds3228/OneDrive - Yale University/Desktop/FRB/fomc_transcript/data/processed/Voters\20130731_voters.csv,20130731,/Users/ds3228/OneDrive - Yale University/Desktop/FRB/fomc_transcript/data/processed/Attendees\20130731_att.csv,64,46,18,0.71875,0.28125,52,3,8,0,0,11,0.2727272727272727,0.7272727272727273,0,,
157,/Users/ds3228/OneDrive - Yale University/Desktop/FRB/fomc_transcript/data/processed/Voters\20130918_voters.csv,20130918,/Users/ds3228/OneDrive - Yale University/Desktop/FRB/fomc_transcript/data/processed/Attendees\20130918_att.csv,66,51,15,0.7727272727272727,0.2272727272727272,56,2,6,0,0,8,0.25,0.75,0,,
158,/Users/ds3228/OneDrive - Yale University/Desktop/FRB/fomc_transcript/data/processed/Voters\20131030_voters.csv,20131030,/Users/ds3228/OneDrive - Yale University/Desktop/FRB/fomc_transcript/data/processed/Attendees\20131030_att.csv,63,50,13,0.7936507936507936,0.2063492063492063,53,2,6,0,0,8,0.25,0.75,0,,
159,/Users/ds3228/OneDrive - Yale University/Desktop/FRB/fomc_transcript/data/processed/Voters\20131218_voters.csv,20131218,/Users/ds3228/OneDrive - Yale University/Desktop/FRB/fomc_transcript/data/processed/Attendees\20131218_att.csv,65,50,15,0.7692307692307693,0.2307692307692307,55,2,6,0,0,8,0.25,0.75,0,,
160,/Users/ds3228/OneDrive - Yale University/Desktop/FRB/fomc_transcript/data/processed/Voters\20140129_voters.csv,20140129,/Users/ds3228/OneDrive - Yale University/Desktop/FRB/fomc_transcript/data/processed/Attendees\20140129_att.csv,67,55,12,0.8208955223880597,0.1791044776119403,57,1,8,0,0,9,0.1111111111111111,0.8888888888888888,0,,
161,/Users/ds3228/OneDrive - Yale University/Desktop/FRB/fomc_transcript/data/processed/Voters\20140319_voters.csv,20140319,/Users/ds3228/OneDrive - Yale University/Desktop/FRB/fomc_transcript/data/processed/Attendees\20140319_att.csv,63,51,12,0.8095238095238095,0.1904761904761904,54,1,7,0,0,8,0.125,0.875,0,,
162,/Users/ds3228/OneDrive - Yale University/Desktop/FRB/fomc_transcript/data/processed/Voters\20140430_voters.csv,20140430,/Users/ds3228/OneDrive - Yale University/Desktop/FRB/fomc_transcript/data/processed/Attendees\20140430_att.csv,75,58,17,0.7733333333333333,0.2266666666666666,66,1,7,0,0,8,0.125,0.875,0,,
163,/Users/ds3228/OneDrive - Yale University/Desktop/FRB/fomc_transcript/data/processed/Voters\20140618_voters.csv,20140618,/Users/ds3228/OneDrive - Yale University/Desktop/FRB/fomc_transcript/data/processed/Attendees\20140618_att.csv,79,58,21,0.7341772151898734,0.2658227848101265,69,2,7,0,0,9,0.2222222222222222,0.7777777777777778,0,,
164,/Users/ds3228/OneDrive - Yale University/Desktop/FRB/fomc_transcript/data/processed/Voters\20140730_voters.csv,20140730,/Users/ds3228/OneDrive - Yale University/Desktop/FRB/fomc_transcript/data/processed/Attendees\20140730_att.csv,76,56,20,0.7368421052631579,0.2631578947368421,66,2,7,0,0,9,0.2222222222222222,0.7777777777777778,0,,
165,/Users/ds3228/OneDrive - Yale University/Desktop/FRB/fomc_transcript/data/processed/Voters\20140917_voters.csv,20140917,/Users/ds3228/OneDrive - Yale University/Desktop/FRB/fomc_transcript/data/processed/Attendees\20140917_att.csv,70,56,14,0.8,0.2,60,2,7,0,0,9,0.2222222222222222,0.7777777777777778,0,,
166,/Users/ds3228/OneDrive - Yale University/Desktop/FRB/fomc_transcript/data/processed/Voters\20141029_voters.csv,20141029,/Users/ds3228/OneDrive - Yale University/Desktop/FRB/fomc_transcript/data/processed/Attendees\20141029_att.csv,71,57,14,0.8028169014084507,0.1971830985915492,61,2,7,0,0,9,0.2222222222222222,0.7777777777777778,0,,
167,/Users/ds3228/OneDrive - Yale University/Desktop/FRB/fomc_transcript/data/processed/Voters\20141217_voters.csv,20141217,/Users/ds3228/OneDrive - Yale University/Desktop/FRB/fomc_transcript/data/processed/Attendees\20141217_att.csv,69,53,16,0.7681159420289855,0.2318840579710145,59,2,7,0,0,9,0.2222222222222222,0.7777777777777778,0,,
168,/Users/ds3228/OneDrive - Yale University/Desktop/FRB/fomc_transcript/data/processed/Voters\20150128_voters.csv,20150128,/Users/ds3228/OneDrive - Yale University/Desktop/FRB/fomc_transcript/data/processed/Attendees\20150128_att.csv,80,64,16,0.8,0.2,70,2,8,0,0,10,0.2,0.8,0,,
169,/Users/ds3228/OneDrive - Yale University/Desktop/FRB/fomc_transcript/data/processed/Voters\20150318_voters.csv,20150318,/Users/ds3228/OneDrive - Yale University/Desktop/FRB/fomc_transcript/data/processed/Attendees\20150318_att.csv,74,55,19,0.7432432432432432,0.2567567567567567,64,2,8,0,0,10,0.2,0.8,0,,
170,/Users/ds3228/OneDrive - Yale University/Desktop/FRB/fomc_transcript/data/processed/Voters\20150429_voters.csv,20150429,/Users/ds3228/OneDrive - Yale University/Desktop/FRB/fomc_transcript/data/processed/Attendees\20150429_att.csv,74,55,19,0.7432432432432432,0.2567567567567567,64,2,8,0,0,10,0.2,0.8,0,,
171,/Users/ds3228/OneDrive - Yale University/Desktop/FRB/fomc_transcript/data/processed/Voters\20150617_voters.csv,20150617,/Users/ds3228/OneDrive - Yale University/Desktop/FRB/fomc_transcript/data/processed/Attendees\20150617_att.csv,82,62,19,0.7560975609756098,0.2317073170731707,72,2,8,0,1,10,0.2,0.8,1,0.0,1.0
172,/Users/ds3228/OneDrive - Yale University/Desktop/FRB/fomc_transcript/data/processed/Voters\20150729_voters.csv,20150729,/Users/ds3228/OneDrive - Yale University/Desktop/FRB/fomc_transcript/data/processed/Attendees\20150729_att.csv,77,56,21,0.7272727272727273,0.2727272727272727,67,2,8,0,0,10,0.2,0.8,0,,
173,/Users/ds3228/OneDrive - Yale University/Desktop/FRB/fomc_transcript/data/processed/Voters\20150917_voters.csv,20150917,/Users/ds3228/OneDrive - Yale University/Desktop/FRB/fomc_transcript/data/processed/Attendees\20150917_att.csv,74,58,16,0.7837837837837838,0.2162162162162162,64,2,8,0,0,10,0.2,0.8,0,,
174,/Users/ds3228/OneDrive - Yale University/Desktop/FRB/fomc_transcript/data/processed/Voters\20151028_voters.csv,20151028,/Users/ds3228/OneDrive - Yale University/Desktop/FRB/fomc_transcript/data/processed/Attendees\20151028_att.csv,78,64,14,0.8205128205128205,0.1794871794871795,68,2,8,0,0,10,0.2,0.8,0,,
175,/Users/ds3228/OneDrive - Yale University/Desktop/FRB/fomc_transcript/data/processed/Voters\20151216_voters.csv,20151216,/Users/ds3228/OneDrive - Yale University/Desktop/FRB/fomc_transcript/data/processed/Attendees\20151216_att.csv,76,61,15,0.8026315789473685,0.1973684210526315,66,2,8,0,0,10,0.2,0.8,0,,
176,/Users/ds3228/OneDrive - Yale University/Desktop/FRB/fomc_transcript/data/processed/Voters\20160127_voters.csv,20160127,/Users/ds3228/OneDrive - Yale University/Desktop/FRB/fomc_transcript/data/processed/Attendees\20160127_att.csv,76,58,18,0.7631578947368421,0.2368421052631578,66,4,5,0,0,9,0.4444444444444444,0.5555555555555556,0,,
177,/Users/ds3228/OneDrive - Yale University/Desktop/FRB/fomc_transcript/data/processed/Voters\20160316_voters.csv,20160316,/Users/ds3228/OneDrive - Yale University/Desktop/FRB/fomc_transcript/data/processed/Attendees\20160316_att.csv,71,55,16,0.7746478873239436,0.2253521126760563,61,4,5,0,0,9,0.4444444444444444,0.5555555555555556,0,,
178,/Users/ds3228/OneDrive - Yale University/Desktop/FRB/fomc_transcript/data/processed/Voters\20160427_voters.csv,20160427,/Users/ds3228/OneDrive - Yale University/Desktop/FRB/fomc_transcript/data/processed/Attendees\20160427_att.csv,81,63,18,0.7777777777777778,0.2222222222222222,71,4,5,0,0,9,0.4444444444444444,0.5555555555555556,0,,
179,/Users/ds3228/OneDrive - Yale University/Desktop/FRB/fomc_transcript/data/processed/Voters\20160615_voters.csv,20160615,/Users/ds3228/OneDrive - Yale University/Desktop/FRB/fomc_transcript/data/processed/Attendees\20160615_att.csv,79,62,17,0.7848101265822784,0.2151898734177215,69,4,5,0,0,9,0.4444444444444444,0.5555555555555556,0,,
180,/Users/ds3228/OneDrive - Yale University/Desktop/FRB/fomc_transcript/data/processed/Voters\20160727_voters.csv,20160727,/Users/ds3228/OneDrive - Yale University/Desktop/FRB/fomc_transcript/data/processed/Attendees\20160727_att.csv,80,59,21,0.7375,0.2625,70,4,5,0,0,9,0.4444444444444444,0.5555555555555556,0,,
181,/Users/ds3228/OneDrive - Yale University/Desktop/FRB/fomc_transcript/data/processed/Voters\20160921_voters.csv,20160921,/Users/ds3228/OneDrive - Yale University/Desktop/FRB/fomc_transcript/data/processed/Attendees\20160921_att.csv,78,61,17,0.782051282051282,0.2179487179487179,68,4,5,0,0,9,0.4444444444444444,0.5555555555555556,0,,
182,/Users/ds3228/OneDrive - Yale University/Desktop/FRB/fomc_transcript/data/processed/Voters\20161102_voters.csv,20161102,/Users/ds3228/OneDrive - Yale University/Desktop/FRB/fomc_transcript/data/processed/Attendees\20161102_att.csv,85,61,24,0.7176470588235294,0.2823529411764706,75,4,5,0,0,9,0.4444444444444444,0.5555555555555556,0,,
183,/Users/ds3228/OneDrive - Yale University/Desktop/FRB/fomc_transcript/data/processed/Voters\20161214_voters.csv,20161214,/Users/ds3228/OneDrive - Yale University/Desktop/FRB/fomc_transcript/data/processed/Attendees\20161214_att.csv,76,60,16,0.7894736842105263,0.2105263157894736,66,4,5,0,0,9,0.4444444444444444,0.5555555555555556,0,,
184,/Users/ds3228/OneDrive - Yale University/Desktop/FRB/fomc_transcript/data/processed/Voters\20170201_voters.csv,20170201,/Users/ds3228/OneDrive - Yale University/Desktop/FRB/fomc_transcript/data/processed/Attendees\20170201_att.csv,78,59,19,0.7564102564102564,0.2435897435897435,68,2,7,0,0,9,0.2222222222222222,0.7777777777777778,0,,
185,/Users/ds3228/OneDrive - Yale University/Desktop/FRB/fomc_transcript/data/processed/Voters\20170315_voters.csv,20170315,/Users/ds3228/OneDrive - Yale University/Desktop/FRB/fomc_transcript/data/processed/Attendees\20170315_att.csv,75,62,13,0.8266666666666667,0.1733333333333333,65,2,7,0,0,9,0.2222222222222222,0.7777777777777778,0,,
186,/Users/ds3228/OneDrive - Yale University/Desktop/FRB/fomc_transcript/data/processed/Voters\20170503_voters.csv,20170503,/Users/ds3228/OneDrive - Yale University/Desktop/FRB/fomc_transcript/data/processed/Attendees\20170503_att.csv,78,58,20,0.7435897435897436,0.2564102564102564,69,2,6,0,0,8,0.25,0.75,0,,
187,/Users/ds3228/OneDrive - Yale University/Desktop/FRB/fomc_transcript/data/processed/Voters\20170614_voters.csv,20170614,/Users/ds3228/OneDrive - Yale University/Desktop/FRB/fomc_transcript/data/processed/Attendees\20170614_att.csv,82,61,21,0.7439024390243902,0.2560975609756097,73,2,6,0,0,8,0.25,0.75,0,,
188,/Users/ds3228/OneDrive - Yale University/Desktop/FRB/fomc_transcript/data/processed/Voters\20170726_voters.csv,20170726,/Users/ds3228/OneDrive - Yale University/Desktop/FRB/fomc_transcript/data/processed/Attendees\20170726_att.csv,71,55,16,0.7746478873239436,0.2253521126760563,62,2,6,0,0,8,0.25,0.75,0,,
189,/Users/ds3228/OneDrive - Yale University/Desktop/FRB/fomc_transcript/data/processed/Voters\20170920_voters.csv,20170920,/Users/ds3228/OneDrive - Yale University/Desktop/FRB/fomc_transcript/data/processed/Attendees\20170920_att.csv,71,58,13,0.8169014084507042,0.1830985915492957,62,2,6,0,0,8,0.25,0.75,0,,
190,/Users/ds3228/OneDrive - Yale University/Desktop/FRB/fomc_transcript/data/processed/Voters\20171101_voters.csv,20171101,/Users/ds3228/OneDrive - Yale University/Desktop/FRB/fomc_transcript/data/processed/Attendees\20171101_att.csv,70,55,15,0.7857142857142857,0.2142857142857142,61,2,7,0,0,9,0.2222222222222222,0.7777777777777778,0,,
191,/Users/ds3228/OneDrive - Yale University/Desktop/FRB/fomc_transcript/data/processed/Voters\20171213_voters.csv,20171213,/Users/ds3228/OneDrive - Yale University/Desktop/FRB/fomc_transcript/data/processed/Attendees\20171213_att.csv,74,56,18,0.7567567567567568,0.2432432432432432,65,2,7,0,0,9,0.2222222222222222,0.7777777777777778,0,,
192,/Users/ds3228/OneDrive - Yale University/Desktop/FRB/fomc_transcript/data/processed/Voters\20180131_voters.csv,20180131,/Users/ds3228/OneDrive - Yale University/Desktop/FRB/fomc_transcript/data/processed/Attendees\20180131_att.csv,75,54,21,0.72,0.28,66,3,6,0,0,9,0.3333333333333333,0.6666666666666666,0,,
193,/Users/ds3228/OneDrive - Yale University/Desktop/FRB/fomc_transcript/data/processed/Voters\20180321_voters.csv,20180321,/Users/ds3228/OneDrive - Yale University/Desktop/FRB/fomc_transcript/data/processed/Attendees\20180321_att.csv,72,56,16,0.7777777777777778,0.2222222222222222,64,2,6,0,0,8,0.25,0.75,0,,
194,/Users/ds3228/OneDrive - Yale University/Desktop/FRB/fomc_transcript/data/processed/Voters\20180502_voters.csv,20180502,/Users/ds3228/OneDrive - Yale University/Desktop/FRB/fomc_transcript/data/processed/Attendees\20180502_att.csv,67,52,15,0.7761194029850746,0.2238805970149253,59,2,6,0,0,8,0.25,0.75,0,,
195,/Users/ds3228/OneDrive - Yale University/Desktop/FRB/fomc_transcript/data/processed/Voters\20180613_voters.csv,20180613,/Users/ds3228/OneDrive - Yale University/Desktop/FRB/fomc_transcript/data/processed/Attendees\20180613_att.csv,78,63,15,0.8076923076923077,0.1923076923076923,70,2,6,0,0,8,0.25,0.75,0,,
196,/Users/ds3228/OneDrive - Yale University/Desktop/FRB/fomc_transcript/data/processed/Voters\20180801_voters.csv,20180801,/Users/ds3228/OneDrive - Yale University/Desktop/FRB/fomc_transcript/data/processed/Attendees\20180801_att.csv,75,58,17,0.7733333333333333,0.2266666666666666,67,3,5,0,0,8,0.375,0.625,0,,
197,/Users/ds3228/OneDrive - Yale University/Desktop/FRB/fomc_transcript/data/processed/Voters\20180926_voters.csv,20180926,/Users/ds3228/OneDrive - Yale University/Desktop/FRB/fomc_transcript/data/processed/Attendees\20180926_att.csv,73,58,15,0.7945205479452054,0.2054794520547945,64,3,6,0,0,9,0.3333333333333333,0.6666666666666666,0,,
198,/Users/ds3228/OneDrive - Yale University/Desktop/FRB/fomc_transcript/data/processed/Voters\20181108_voters.csv,20181108,/Users/ds3228/OneDrive - Yale University/Desktop/FRB/fomc_transcript/data/processed/Attendees\20181108_att.csv,92,70,22,0.7608695652173914,0.2391304347826087,83,3,6,0,0,9,0.3333333333333333,0.6666666666666666,0,,
199,/Users/ds3228/OneDrive - Yale University/Desktop/FRB/fomc_transcript/data/processed/Voters\20181219_voters.csv,20181219,/Users/ds3228/OneDrive - Yale University/Desktop/FRB/fomc_transcript/data/processed/Attendees\20181219_att.csv,94,70,24,0.7446808510638298,0.2553191489361702,84,4,6,0,0,10,0.4,0.6,0,,
