,short_name,Position,date,voter_dum
0,greenspan,Chairman,19940204,1
1,mcdonough,Vice Chairman,19940204,1
2,broaddus,President,19940204,1
3,forrestal,President,19940204,1
4,jordan,President,19940204,1
5,kelley,Governor,19940204,1
6,laware,Governor,19940204,1
7,lindsey,Governor,19940204,1
8,parry,President,19940204,1
9,phillips,Governor,19940204,1
10,greenspan,Chairman,19940322,1
11,mcdonough,Vice Chairman,19940322,1
12,broaddus,President,19940322,1
13,forrestal,President,19940322,1
14,jordan,President,19940322,1
15,kelley,Governor,19940322,1
16,laware,Governor,19940322,1
17,lindsey,Governor,19940322,1
18,parry,President,19940322,1
19,phillips,Governor,19940322,1
20,greenspan,Chairman,19940517,1
21,mcdonough,Vice Chairman,19940517,1
22,broaddus,President,19940517,1
23,forrestal,President,19940517,1
24,jordan,President,19940517,1
25,kelley,Governor,19940517,1
26,laware,Governor,19940517,1
27,lindsey,Governor,19940517,1
28,parry,President,19940517,1
29,phillips,Governor,19940517,1
30,greenspan,Chairman,19940706,1
31,mcdonough,Vice Chairman,19940706,1
32,blinder,Governor,19940706,1
33,broaddus,President,19940706,1
34,forrestal,President,19940706,1
35,jordan,President,19940706,1
36,kelley,Governor,19940706,1
37,laware,Governor,19940706,1
38,lindsey,Governor,19940706,1
39,parry,Preisdent,19940706,1
40,phillips,Governor,19940706,1
41,greenspan,Chairman,19940816,1
42,mcdonough,Vice Chairman,19940816,1
43,blinder,Governor,19940816,1
44,broaddus,President,19940816,1
45,forrestal,President,19940816,1
46,jordan,President,19940816,1
47,kelley,Governor,19940816,1
48,laware,Governor,19940816,1
49,lindsey,Governor,19940816,1
50,parry,President,19940816,1
51,phillips,Governor,19940816,1
52,yellen,Governor,19940816,1
53,greenspan,Chairman,19940927,1
54,mcdonough,Vice Chairman,19940927,1
55,blinder,Governor,19940927,1
56,broaddus,President,19940927,1
57,forrestal,President,19940927,1
58,jordan,President,19940927,1
59,kelley,Governor,19940927,1
60,laware,Governor,19940927,1
61,lindsey,Governor,19940927,1
62,parry,President,19940927,1
63,phillips,Governor,19940927,1
64,yellen,Governor,19940927,1
65,greenspan,Chairman,19941115,1
66,mcdonough,Vice Chairman,19941115,1
67,blinder,Governor,19941115,1
68,broaddus,President,19941115,1
69,forrestal,President,19941115,1
70,jordan,President,19941115,1
71,kelley,Governor,19941115,1
72,laware,Governor,19941115,1
73,lindsey,Governor,19941115,1
74,parry,President,19941115,1
75,phillips,Governor,19941115,1
76,yellen,Governor,19941115,1
77,greenspan,Chairman,19941220,1
78,mcdonough,Vice Chairman,19941220,1
79,blinder,Governor,19941220,1
80,broaddus,President,19941220,1
81,forrestal,President,19941220,1
82,jordan,President,19941220,1
83,kelley,Governor,19941220,1
84,laware,Governor,19941220,1
85,lindsey,Governor,19941220,1
86,parry,President,19941220,1
87,phillips,Governor,19941220,1
88,yellen,Governor,19941220,1
89,greenspan,Chairman,19950201,1
90,mcdonough,Vice Chairman,19950201,1
91,blinder,Governor,19950201,1
92,hoenig,President,19950201,1
93,kelley,Governor,19950201,1
94,laware,Governor,19950201,1
95,lindsey,Governor,19950201,1
96,melzer,President,19950201,1
97,minehan,President,19950201,1
98,moskow,President,19950201,1
99,phillips,Governor,19950201,1
100,yellen,Governor,19950201,1
101,greenspan,Chairman,19950328,1
102,mcdonough,Vice Chairman,19950328,1
103,blinder,Governor,19950328,1
104,hoenig,President,19950328,1
105,kelley,Governor,19950328,1
106,lindsey,Governor,19950328,1
107,melzer,President,19950328,1
108,minehan,President,19950328,1
109,moskow,President,19950328,1
110,phillips,Governor,19950328,1
111,yellen,Governor,19950328,1
112,greenspan,Chairman,19950523,1
113,mcdonough,Vice Chairman,19950523,1
114,blinder,Governor,19950523,1
115,hoenig,President,19950523,1
116,kelley,Governor,19950523,1
117,lindsey,Governor,19950523,1
118,melzer,President,19950523,1
119,minehan,President,19950523,1
120,moskow,President,19950523,1
121,phillips,Governor,19950523,1
122,yellen,Governor,19950523,1
123,greenspan,Chairman,19950706,1
124,mcdonough,Vice Chairman,19950706,1
125,blinder,Governor,19950706,1
126,hoenig,President,19950706,1
127,kelley,Governor,19950706,1
128,lindsey,Governor,19950706,1
129,melzer,President,19950706,1
130,minehan,President,19950706,1
131,moskow,President,19950706,1
132,phillips,Governor,19950706,1
133,yellen,Governor,19950706,1
134,greenspan,Chairman,19950822,1
135,mcdonough,Vice Chairman,19950822,1
136,blinder,Governor,19950822,1
137,hoenig,President,19950822,1
138,kelley,Governor,19950822,1
139,lindsey,Governor,19950822,1
140,melzer,President,19950822,1
141,minehan,President,19950822,1
142,moskow,President,19950822,1
143,phillips,Governor,19950822,1
144,yellen,Governor,19950822,1
145,greenspan,Chairman,19950926,1
146,mcdonough,Vice Chairman,19950926,1
147,blinder,Governor,19950926,1
148,hoenig,President,19950926,1
149,kelley,Governor,19950926,1
150,lindsey,Governor,19950926,1
151,melzer,President,19950926,1
152,minehan,President,19950926,1
153,moskow,President,19950926,1
154,phillips,Governor,19950926,1
155,yellen,Governor,19950926,1
156,greenspan,Chairman,19951115,1
157,mcdonough,Vice Chairman,19951115,1
158,blinder,Governor,19951115,1
159,hoenig,President,19951115,1
160,kelley,President,19951115,1
161,lindsey,President,19951115,1
162,melzer,Governor,19951115,1
163,minehan,Governor,19951115,1
164,moskow,Governor,19951115,1
165,phillips,President,19951115,1
166,yellen,Governor,19951115,1
167,greenspan,Chairman,19951219,1
168,mcdonough,Vice Chairman,19951219,1
169,blinder,Governor,19951219,1
170,hoenig,President,19951219,1
171,kelley,President,19951219,1
172,lindsey,President,19951219,1
173,melzer,Governor,19951219,1
174,minehan,Governor,19951219,1
175,moskow,Governor,19951219,1
176,phillips,Governor,19951219,1
177,yellen,Governor,19951219,1
178,greenspan,Chairman,19960131,1
179,mcdonough,Vice Chairman,19960131,1
180,boehne,President,19960131,1
181,jordan,President,19960131,1
182,kelley,Governor,19960131,1
183,lindsey,Governor,19960131,1
184,mcteer,President,19960131,1
185,phillips,Governor,19960131,1
186,stern,President,19960131,1
187,yellen,Governor,19960131,1
188,greenspan,Chairman,19960326,1
189,mcdonough,Vice Chairman,19960326,1
190,boehne,President,19960326,1
191,jordan,President,19960326,1
192,kelley,Governor,19960326,1
193,lindsey,Governor,19960326,1
194,mcteer,President,19960326,1
195,phillips,Governor,19960326,1
196,stern,President,19960326,1
197,yellen,Governor,19960326,1
198,greenspan,Chairman,19960521,1
199,mcdonough,Vice Chairman,19960521,1
200,boehne,President,19960521,1
201,jordan,President,19960521,1
202,kelley,Governor,19960521,1
203,lindsey,Governor,19960521,1
204,mcteer,President,19960521,1
205,phillips,Governor,19960521,1
206,stern,President,19960521,1
207,yellen,Governor,19960521,1
208,greenspan,Chairman,19960703,1
209,mcdonough,Vice Chairman,19960703,1
210,boehne,President,19960703,1
211,jordan,President,19960703,1
212,kelley,Governor,19960703,1
213,lindsey,Governor,19960703,1
214,mcteer,President,19960703,1
215,meyer,Governor,19960703,1
216,phillips,Governor,19960703,1
217,rivlin,Governor,19960703,1
218,stern,President,19960703,1
219,yellen,Governor,19960703,1
220,greenspan,Chairman,19960820,1
221,mcdonough,Vice Chairman,19960820,1
222,boehne,President,19960820,1
223,jordan,President,19960820,1
224,kelley,Governor,19960820,1
225,lindsey,Governor,19960820,1
226,mcteer,President,19960820,1
227,meyer,Governor,19960820,1
228,phillips,Governor,19960820,1
229,rivlin,Governor,19960820,1
230,stern,President,19960820,1
231,yellen,Governor,19960820,1
232,greenspan,Chairman,19960924,1
233,mcdonough,Vice Chairman,19960924,1
234,boehne,President,19960924,1
235,jordan,President,19960924,1
236,kelley,Governor,19960924,1
237,lindsey,Governor,19960924,1
238,mcteer,President,19960924,1
239,meyer,Governor,19960924,1
240,phillips,Governor,19960924,1
241,rivlin,Governor,19960924,1
242,stern,President,19960924,1
243,yellen,Governor,19960924,1
244,greenspan,Chairman,19961113,1
245,mcdonough,Vice Chairman,19961113,1
246,boehne,President,19961113,1
247,jordan,President,19961113,1
248,kelley,Governor,19961113,1
249,lindsey,Governor,19961113,1
250,mcteer,President,19961113,1
251,meyer,Governor,19961113,1
252,phillips,Governor,19961113,1
253,rivlin,Governor,19961113,1
254,stern,President,19961113,1
255,yellen,Governor,19961113,1
256,greenspan,Chairman,19961217,1
257,mcdonough,Vice Chairman,19961217,1
258,boehne,President,19961217,1
259,jordan,President,19961217,1
260,kelley,Governor,19961217,1
261,lindsey,Governor,19961217,1
262,mcteer,President,19961217,1
263,meyer,Governor,19961217,1
264,phillips,Governor,19961217,1
265,rivlin,Governor,19961217,1
266,stern,President,19961217,1
267,yellen,Governor,19961217,1
268,greenspan,Chairman,19970205,1
269,mcdonough,Vice Chairman,19970205,1
270,broaddus,President,19970205,1
271,guynn,President,19970205,1
272,kelley,Governor,19970205,1
273,meyer,Governor,19970205,1
274,moskow,President,19970205,1
275,parry,President,19970205,1
276,phillips,Governor,19970205,1
277,rivlin,Governor,19970205,1
278,greenspan,Chairman,19970325,1
279,mcdonough,Vice Chairman,19970325,1
280,broaddus,President,19970325,1
281,guynn,President,19970325,1
282,kelley,Governor,19970325,1
283,meyer,Governor,19970325,1
284,moskow,President,19970325,1
285,parry,President,19970325,1
286,phillips,Governor,19970325,1
287,rivlin,Governor,19970325,1
288,greenspan,Chairman,19970520,1
289,mcdonough,Vice Chairman,19970520,1
290,broaddus,President,19970520,1
291,guynn,President,19970520,1
292,kelley,Governor,19970520,1
293,meyer,Governor,19970520,1
294,moskow,President,19970520,1
295,parry,President,19970520,1
296,phillips,Governor,19970520,1
297,rivlin,Governor,19970520,1
298,greenspan,Chairman,19970702,1
299,mcdonough,Vice Chairman,19970702,1
300,broaddus,President,19970702,1
301,guynn,President,19970702,1
302,kelley,Governor,19970702,1
303,meyer,Governor,19970702,1
304,moskow,President,19970702,1
305,parry,President,19970702,1
306,phillips,Governor,19970702,1
307,rivlin,Governor,19970702,1
308,greenspan,Chairman,19970819,1
309,mcdonough,Vice Chairman,19970819,1
310,broaddus,President,19970819,1
311,guynn,President,19970819,1
312,kelley,Governor,19970819,1
313,meyer,Governor,19970819,1
314,moskow,President,19970819,1
315,parry,President,19970819,1
316,phillips,Governor,19970819,1
317,rivlin,Governor,19970819,1
318,greenspan,Chairman,19970930,1
319,mcdonough,Vice Chairman,19970930,1
320,broaddus,President,19970930,1
321,guynn,President,19970930,1
322,kelley,Governor,19970930,1
323,meyer,Governor,19970930,1
324,moskow,President,19970930,1
325,parry,President,19970930,1
326,phillips,Governor,19970930,1
327,rivlin,Governor,19970930,1
328,greenspan,Chairman,19971112,1
329,mcdonough,Vice Chairman,19971112,1
330,broaddus,President,19971112,1
331,ferguson,Governor,19971112,1
332,gramlich,Governor,19971112,1
333,guynn,Preisdent,19971112,1
334,kelley,Governor,19971112,1
335,meyer,Governor,19971112,1
336,moskow,President,19971112,1
337,parry,President,19971112,1
338,phillips,Governor,19971112,1
339,rivlin,Governor,19971112,1
340,greenspan,Chairman,19971216,1
341,mcdonough,Vice Chairman,19971216,1
342,broaddus,President,19971216,1
343,ferguson,Governor,19971216,1
344,gramlich,Governor,19971216,1
345,guynn,Preisdent,19971216,1
346,kelley,Governor,19971216,1
347,meyer,Governor,19971216,1
348,moskow,President,19971216,1
349,parry,President,19971216,1
350,phillips,Governor,19971216,1
351,rivlin,Governor,19971216,1
352,greenspan,Chairman,19980204,1
353,mcdonough,Vice Chairman,19980204,1
354,ferguson,Governor,19980204,1
355,gramlich,Governor,19980204,1
356,hoenig,President,19980204,1
357,jordan,President,19980204,1
358,kelley,Governor,19980204,1
359,mcteer,President,19980204,1
360,meyer,Governor,19980204,1
361,minehan,Preisdent,19980204,1
362,phillips,Governor,19980204,1
363,rivlin,Governor,19980204,1
364,greenspan,Chairman,19980331,1
365,mcdonough,Vice Chairman,19980331,1
366,ferguson,Governor,19980331,1
367,gramlich,Governor,19980331,1
368,hoenig,President,19980331,1
369,jordan,President,19980331,1
370,kelley,Governor,19980331,1
371,meyer,Governor,19980331,1
372,minehan,Preisdent,19980331,1
373,phillips,Governor,19980331,1
374,poole,President,19980331,1
375,rivlin,Governor,19980331,1
376,greenspan,Chairman,19980519,1
377,mcdonough,Vice Chairman,19980519,1
378,ferguson,Governor,19980519,1
379,gramlich,Governor,19980519,1
380,hoenig,President,19980519,1
381,jordan,President,19980519,1
382,kelley,Governor,19980519,1
383,meyer,Governor,19980519,1
384,minehan,Preisdent,19980519,1
385,phillips,Governor,19980519,1
386,poole,President,19980519,1
387,rivlin,Governor,19980519,1
388,greenspan,Chairman,19980701,1
389,mcdonough,Vice Chairman,19980701,1
390,ferguson,Governor,19980701,1
391,gramlich,Governor,19980701,1
392,hoenig,President,19980701,1
393,jordan,President,19980701,1
394,kelley,Governor,19980701,1
395,meyer,Governor,19980701,1
396,minehan,Preisdent,19980701,1
397,poole,President,19980701,1
398,rivlin,Governor,19980701,1
399,greenspan,Chairman,19980818,1
400,mcdonough,Vice Chairman,19980818,1
401,ferguson,Governor,19980818,1
402,gramlich,Governor,19980818,1
403,hoenig,President,19980818,1
404,jordan,President,19980818,1
405,kelley,Governor,19980818,1
406,meyer,Governor,19980818,1
407,minehan,Preisdent,19980818,1
408,poole,President,19980818,1
409,rivlin,Governor,19980818,1
410,greenspan,Chairman,19980929,1
411,mcdonough,Vice Chairman,19980929,1
412,ferguson,Governor,19980929,1
413,gramlich,Governor,19980929,1
414,hoenig,President,19980929,1
415,jordan,President,19980929,1
416,kelley,Governor,19980929,1
417,meyer,Governor,19980929,1
418,minehan,Preisdent,19980929,1
419,poole,President,19980929,1
420,rivlin,Governor,19980929,1
421,greenspan,Chairman,19981117,1
422,mcdonough,Vice Chairman,19981117,1
423,ferguson,Governor,19981117,1
424,gramlich,Governor,19981117,1
425,hoenig,President,19981117,1
426,jordan,President,19981117,1
427,kelley,Governor,19981117,1
428,meyer,Governor,19981117,1
429,minehan,Preisdent,19981117,1
430,poole,President,19981117,1
431,rivlin,Governor,19981117,1
432,greenspan,Chairman,19981222,1
433,mcdonough,Vice Chairman,19981222,1
434,ferguson,Governor,19981222,1
435,gramlich,Governor,19981222,1
436,hoenig,President,19981222,1
437,jordan,President,19981222,1
438,kelley,Governor,19981222,1
439,meyer,Governor,19981222,1
440,minehan,Preisdent,19981222,1
441,poole,President,19981222,1
442,rivlin,Governor,19981222,1
443,greenspan,Chairman,19990203,1
444,mcdonough,Vice Chairman,19990203,1
445,boehne,Preisdent,19990203,1
446,ferguson,Governor,19990203,1
447,gramlich,Governor,19990203,1
448,kelley,Governor,19990203,1
449,mcteer,President,19990203,1
450,meyer,Governor,19990203,1
451,moskow,Preisdent,19990203,1
452,rivlin,Governor,19990203,1
453,stern,President,19990203,1
454,greenspan,Chairman,19990330,1
455,mcdonough,Vice Chairman,19990330,1
456,boehne,Preisdent,19990330,1
457,ferguson,Governor,19990330,1
458,gramlich,Governor,19990330,1
459,kelley,Governor,19990330,1
460,mcteer,President,19990330,1
461,meyer,Governor,19990330,1
462,moskow,Preisdent,19990330,1
463,rivlin,Governor,19990330,1
464,stern,President,19990330,1
465,greenspan,Chairman,19990518,1
466,mcdonough,Vice Chairman,19990518,1
467,boehne,Preisdent,19990518,1
468,ferguson,Governor,19990518,1
469,gramlich,Governor,19990518,1
470,kelley,Governor,19990518,1
471,mcteer,President,19990518,1
472,meyer,Governor,19990518,1
473,moskow,Preisdent,19990518,1
474,rivlin,Governor,19990518,1
475,stern,President,19990518,1
476,greenspan,Chairman,19990630,1
477,mcdonough,Vice Chairman,19990630,1
478,boehne,Preisdent,19990630,1
479,ferguson,Governor,19990630,1
480,gramlich,Governor,19990630,1
481,kelley,Governor,19990630,1
482,mcteer,President,19990630,1
483,meyer,Governor,19990630,1
484,moskow,Preisdent,19990630,1
485,stern,President,19990630,1
486,greenspan,Chairman,19990824,1
487,mcdonough,Vice Chairman,19990824,1
488,boehne,Preisdent,19990824,1
489,ferguson,Governor,19990824,1
490,gramlich,Governor,19990824,1
491,kelley,Governor,19990824,1
492,mcteer,President,19990824,1
493,meyer,Governor,19990824,1
494,moskow,Preisdent,19990824,1
495,stern,President,19990824,1
496,greenspan,Chairman,19991005,1
497,mcdonough,Vice Chairman,19991005,1
498,boehne,Preisdent,19991005,1
499,ferguson,Governor,19991005,1
500,gramlich,Governor,19991005,1
501,kelley,Governor,19991005,1
502,mcteer,President,19991005,1
503,meyer,Governor,19991005,1
504,moskow,Preisdent,19991005,1
505,stern,President,19991005,1
506,greenspan,Chairman,19991116,1
507,mcdonough,Vice Chairman,19991116,1
508,boehne,Preisdent,19991116,1
509,ferguson,Governor,19991116,1
510,gramlich,Governor,19991116,1
511,kelley,Governor,19991116,1
512,mcteer,President,19991116,1
513,meyer,Governor,19991116,1
514,moskow,Preisdent,19991116,1
515,stern,President,19991116,1
516,greenspan,Chairman,19991221,1
517,mcdonough,Vice Chairman,19991221,1
518,boehne,Preisdent,19991221,1
519,ferguson,Governor,19991221,1
520,gramlich,Governor,19991221,1
521,kelley,Governor,19991221,1
522,mcteer,President,19991221,1
523,meyer,Governor,19991221,1
524,moskow,Preisdent,19991221,1
525,stern,President,19991221,1
526,greenspan,Chairman,20000202,1
527,mcdonough,Vice Chairman,20000202,1
528,broaddus,Preisdent,20000202,1
529,ferguson,Governor,20000202,1
530,gramlich,Governor,20000202,1
531,guynn,President,20000202,1
532,jordan,President,20000202,1
533,kelley,Governor,20000202,1
534,meyer,Governor,20000202,1
535,parry,President,20000202,1
536,greenspan,Chairman,20000321,1
537,mcdonough,Vice Chairman,20000321,1
538,broaddus,Preisdent,20000321,1
539,ferguson,Governor,20000321,1
540,gramlich,Governor,20000321,1
541,guynn,President,20000321,1
542,jordan,President,20000321,1
543,kelley,Governor,20000321,1
544,meyer,Governor,20000321,1
545,parry,President,20000321,1
546,greenspan,Chairman,20000516,1
547,mcdonough,Vice Chairman,20000516,1
548,broaddus,Preisdent,20000516,1
549,ferguson,Governor,20000516,1
550,gramlich,Governor,20000516,1
551,guynn,President,20000516,1
552,jordan,President,20000516,1
553,kelley,Governor,20000516,1
554,meyer,Governor,20000516,1
555,parry,President,20000516,1
556,greenspan,Chairman,20000628,1
557,mcdonough,Vice Chairman,20000628,1
558,broaddus,Preisdent,20000628,1
559,ferguson,Governor,20000628,1
560,gramlich,Governor,20000628,1
561,guynn,President,20000628,1
562,jordan,President,20000628,1
563,kelley,Governor,20000628,1
564,meyer,Governor,20000628,1
565,parry,President,20000628,1
566,greenspan,Chairman,20000822,1
567,mcdonough,Vice Chairman,20000822,1
568,broaddus,Preisdent,20000822,1
569,ferguson,Governor,20000822,1
570,gramlich,Governor,20000822,1
571,guynn,President,20000822,1
572,jordan,President,20000822,1
573,kelley,Governor,20000822,1
574,meyer,Governor,20000822,1
575,parry,President,20000822,1
576,greenspan,Chairman,20001003,1
577,mcdonough,Vice Chairman,20001003,1
578,broaddus,Preisdent,20001003,1
579,ferguson,Governor,20001003,1
580,gramlich,Governor,20001003,1
581,guynn,President,20001003,1
582,jordan,President,20001003,1
583,kelley,Governor,20001003,1
584,meyer,Governor,20001003,1
585,parry,President,20001003,1
586,greenspan,Chairman,20001115,1
587,mcdonough,Vice Chairman,20001115,1
588,broaddus,Preisdent,20001115,1
589,ferguson,Governor,20001115,1
590,gramlich,Governor,20001115,1
591,kelley,President,20001115,1
592,jordan,President,20001115,1
593,kelley,Governor,20001115,1
594,meyer,Governor,20001115,1
595,moskow,President,20001115,1
596,parry,President,20001115,1
597,greenspan,Chairman,20001219,1
598,mcdonough,Vice Chairman,20001219,1
599,broaddus,Preisdent,20001219,1
600,ferguson,Governor,20001219,1
601,gramlich,Governor,20001219,1
602,guynn,President,20001219,1
603,jordan,President,20001219,1
604,kelley,Governor,20001219,1
605,meyer,Governor,20001219,1
606,parry,President,20001219,1
607,greenspan,Chairman,20010131,1
608,mcdonough,Vice Chairman,20010131,1
609,ferguson,Preisdent,20010131,1
610,gramlich,Governor,20010131,1
611,hoenig,President,20010131,1
612,kelley,Governor,20010131,1
613,meyer,Governor,20010131,1
614,minehan,President,20010131,1
615,moskow,President,20010131,1
616,poole,President,20010131,1
617,greenspan,Chairman,20010320,1
618,mcdonough,Vice Chairman,20010320,1
619,ferguson,Preisdent,20010320,1
620,gramlich,Governor,20010320,1
621,hoenig,President,20010320,1
622,kelley,Governor,20010320,1
623,meyer,Governor,20010320,1
624,minehan,President,20010320,1
625,moskow,President,20010320,1
626,poole,President,20010320,1
627,greenspan,Chairman,20010515,1
628,mcdonough,Vice Chairman,20010515,1
629,ferguson,Governor,20010515,1
630,gramlich,Governor,20010515,1
631,hoenig,President,20010515,1
632,kelley,Governor,20010515,1
633,meyer,Governor,20010515,1
634,minehan,President,20010515,1
635,moskow,President,20010515,1
636,poole,President,20010515,1
637,greenspan,Chairman,20010627,1
638,mcdonough,Vice Chairman,20010627,1
639,ferguson,Governor,20010627,1
640,gramlich,Governor,20010627,1
641,hoenig,President,20010627,1
642,kelley,Governor,20010627,1
643,meyer,Governor,20010627,1
644,minehan,President,20010627,1
645,moskow,President,20010627,1
646,poole,President,20010627,1
647,greenspan,Chairman,20010821,1
648,mcdonough,Vice Chairman,20010821,1
649,ferguson,Governor,20010821,1
650,gramlich,Governor,20010821,1
651,hoenig,President,20010821,1
652,kelley,Governor,20010821,1
653,meyer,Governor,20010821,1
654,minehan,President,20010821,1
655,moskow,President,20010821,1
656,poole,President,20010821,1
657,greenspan,Chairman,20011002,1
658,mcdonough,Vice Chairman,20011002,1
659,ferguson,Governor,20011002,1
660,gramlich,Governor,20011002,1
661,hoenig,President,20011002,1
662,kelley,Governor,20011002,1
663,meyer,Governor,20011002,1
664,minehan,President,20011002,1
665,moskow,President,20011002,1
666,poole,President,20011002,1
667,greenspan,Chairman,20011106,1
668,mcdonough,Vice Chairman,20011106,1
669,ferguson,Governor,20011106,1
670,hoenig,President,20011106,1
671,kelley,Governor,20011106,1
672,meyer,Governor,20011106,1
673,minehan,President,20011106,1
674,moskow,President,20011106,1
675,poole,President,20011106,1
676,greenspan,Chairman,20011211,1
677,mcdonough,Vice Chairman,20011211,1
678,bies,Governor,20011211,1
679,ferguson,Governor,20011211,1
680,gramlich,Governor,20011211,1
681,hoenig,President,20011211,1
682,meyer,Governor,20011211,1
683,minehan,President,20011211,1
684,moskow,President,20011211,1
685,olson,Governor,20011211,1
686,greenspan,Chairman,20020130,1
687,mcdonough,Vice Chairman,20020130,1
688,bies,Governor,20020130,1
689,ferguson,Governor,20020130,1
690,gramlich,Governor,20020130,1
691,jordan,President,20020130,1
692,mcteer,President,20020130,1
693,olson,Governor,20020130,1
694,santomero,President,20020130,1
695,stern,President,20020130,1
696,greenspan,Chairman,20020319,1
697,mcdonough,Vice Chairman,20020319,1
698,bies,Governor,20020319,1
699,ferguson,Governor,20020319,1
700,gramlich,Governor,20020319,1
701,jordan,President,20020319,1
702,mcteer,President,20020319,1
703,olson,Governor,20020319,1
704,santomero,President,20020319,1
705,stern,President,20020319,1
706,greenspan,Chairman,20020507,1
707,mcdonough,Vice Chairman,20020507,1
708,bies,Governor,20020507,1
709,ferguson,Governor,20020507,1
710,gramlich,Governor,20020507,1
711,jordan,President,20020507,1
712,mcteer,President,20020507,1
713,olson,Governor,20020507,1
714,santomero,President,20020507,1
715,stern,President,20020507,1
716,greenspan,Chairman,20020626,1
717,mcdonough,Vice Chairman,20020626,1
718,bies,Governor,20020626,1
719,ferguson,Governor,20020626,1
720,gramlich,Governor,20020626,1
721,jordan,President,20020626,1
722,mcteer,President,20020626,1
723,olson,Governor,20020626,1
724,santomero,President,20020626,1
725,stern,President,20020626,1
726,greenspan,Chairman,20020813,1
727,mcdonough,Vice Chairman,20020813,1
728,bernanke,Governer,20020813,1
729,bies,Governor,20020813,1
730,ferguson,Governor,20020813,1
731,gramlich,Governor,20020813,1
732,jordan,President,20020813,1
733,kohn,Governor,20020813,1
734,mcteer,President,20020813,1
735,olson,Governor,20020813,1
736,santomero,President,20020813,1
737,stern,President,20020813,1
738,greenspan,Chairman,20020924,1
739,mcdonough,Vice Chairman,20020924,1
740,bernanke,Governer,20020924,1
741,bies,Governor,20020924,1
742,ferguson,Governor,20020924,1
743,gramlich,Governor,20020924,1
744,jordan,President,20020924,1
745,kohn,Governor,20020924,1
746,mcteer,President,20020924,1
747,olson,Governor,20020924,1
748,santomero,President,20020924,1
749,stern,President,20020924,1
750,greenspan,Chairman,20021106,1
751,mcdonough,Vice Chairman,20021106,1
752,bernanke,Governer,20021106,1
753,bies,Governor,20021106,1
754,ferguson,Governor,20021106,1
755,gramlich,Governor,20021106,1
756,jordan,President,20021106,1
757,kohn,Governor,20021106,1
758,mcteer,President,20021106,1
759,olson,Governor,20021106,1
760,santomero,President,20021106,1
761,stern,President,20021106,1
762,greenspan,Chairman,20021210,1
763,mcdonough,Vice Chairman,20021210,1
764,bernanke,Governer,20021210,1
765,bies,Governor,20021210,1
766,ferguson,Governor,20021210,1
767,gramlich,Governor,20021210,1
768,jordan,President,20021210,1
769,kohn,Governor,20021210,1
770,mcteer,President,20021210,1
771,olson,Governor,20021210,1
772,santomero,President,20021210,1
773,stern,President,20021210,1
774,greenspan,Chairman,20030129,1
775,mcdonough,Vice Chairman,20030129,1
776,bernanke,Governor,20030129,1
777,bies,Governor,20030129,1
778,broaddus,President,20030129,1
779,ferguson,Governor,20030129,1
780,gramlich,Governor,20030129,1
781,guynn,Presidnet,20030129,1
782,kohn,Governor,20030129,1
783,moskow,President,20030129,1
784,olson,Governor,20030129,1
785,parry,President,20030129,1
786,greenspan,Chairman,20030318,1
787,mcdonough,Vice Chairman,20030318,1
788,bernanke,Governor,20030318,1
789,bies,Governor,20030318,1
790,broaddus,President,20030318,1
791,ferguson,Governor,20030318,1
792,gramlich,Governor,20030318,1
793,guynn,Presidnet,20030318,1
794,kohn,Governor,20030318,1
795,moskow,President,20030318,1
796,olson,Governor,20030318,1
797,parry,President,20030318,1
798,greenspan,Chairman,20030506,1
799,mcdonough,Vice Chairman,20030506,1
800,bernanke,Governor,20030506,1
801,bies,Governor,20030506,1
802,broaddus,President,20030506,1
803,ferguson,Governor,20030506,1
804,gramlich,Governor,20030506,1
805,guynn,Presidnet,20030506,1
806,kohn,Governor,20030506,1
807,moskow,President,20030506,1
808,olson,Governor,20030506,1
809,parry,President,20030506,1
810,greenspan,Chairman,20030625,1
811,bernanke,Governor,20030625,1
812,bies,Governor,20030625,1
813,broaddus,President,20030625,1
814,ferguson,Governor,20030625,1
815,gramlich,Governor,20030625,1
816,guynn,Presidnet,20030625,1
817,kohn,Governor,20030625,1
818,moskow,President,20030625,1
819,olson,Governor,20030625,1
820,parry,President,20030625,1
821,stewart,First Vice President,20030625,1
822,greenspan,Chairman,20030812,1
823,bernanke,Governor,20030812,1
824,bies,Governor,20030812,1
825,broaddus,President,20030812,1
826,ferguson,Governor,20030812,1
827,gramlich,Governor,20030812,1
828,guynn,Presidnet,20030812,1
829,kohn,Governor,20030812,1
830,moskow,President,20030812,1
831,olson,Governor,20030812,1
832,parry,President,20030812,1
833,stewart,First Vice President,20030812,1
834,greenspan,Chairman,20030916,1
835,bernanke,Governor,20030916,1
836,bies,Governor,20030916,1
837,broaddus,President,20030916,1
838,ferguson,Governor,20030916,1
839,gramlich,Governor,20030916,1
840,guynn,Presidnet,20030916,1
841,kohn,Governor,20030916,1
842,moskow,President,20030916,1
843,olson,Governor,20030916,1
844,parry,President,20030916,1
845,stewart,First Vice President,20030916,1
846,greenspan,Chairman,20031028,1
847,bernanke,Governor,20031028,1
848,bies,Governor,20031028,1
849,broaddus,President,20031028,1
850,ferguson,Governor,20031028,1
851,gramlich,Governor,20031028,1
852,guynn,Presidnet,20031028,1
853,kohn,Governor,20031028,1
854,moskow,President,20031028,1
855,olson,Governor,20031028,1
856,parry,President,20031028,1
857,stewart,First Vice President,20031028,1
858,greenspan,Chairman,20031209,1
859,geithner,Vice Chairman,20031209,1
860,bernanke,Governor,20031209,1
861,bies,Governor,20031209,1
862,broaddus,President,20031209,1
863,ferguson,Governor,20031209,1
864,gramlich,Governor,20031209,1
865,guynn,Presidnet,20031209,1
866,kohn,Governor,20031209,1
867,moskow,President,20031209,1
868,olson,Governor,20031209,1
869,parry,President,20031209,1
870,greenspan,Chairman,20040128,1
871,geithner,Vice Chairman,20040128,1
872,bernanke,Governor,20040128,1
873,bies,Governor,20040128,1
874,ferguson,Governor,20040128,1
875,gramlich,Governor,20040128,1
876,hoenig,Preisdent,20040128,1
877,kohn,Governor,20040128,1
878,minehan,President,20040128,1
879,olson,Governor,20040128,1
880,pianalto,President,20040128,1
881,poole, President,20040128,1
882,greenspan,Chairman,20040316,1
883,geithner,Vice Chairman,20040316,1
884,bernanke,Governor,20040316,1
885,bies,Governor,20040316,1
886,ferguson,Governor,20040316,1
887,gramlich,Governor,20040316,1
888,hoenig,Preisdent,20040316,1
889,kohn,Governor,20040316,1
890,minehan,President,20040316,1
891,olson,Governor,20040316,1
892,pianalto,President,20040316,1
893,poole, President,20040316,1
894,greenspan,Chairman,20040504,1
895,geithner,Vice Chairman,20040504,1
896,bernanke,Governor,20040504,1
897,bies,Governor,20040504,1
898,ferguson,Governor,20040504,1
899,gramlich,Governor,20040504,1
900,hoenig,Preisdent,20040504,1
901,kohn,Governor,20040504,1
902,minehan,President,20040504,1
903,olson,Governor,20040504,1
904,pianalto,President,20040504,1
905,poole, President,20040504,1
906,greenspan,Chairman,20040630,1
907,geithner,Vice Chairman,20040630,1
908,bernanke,Governor,20040630,1
909,bies,Governor,20040630,1
910,ferguson,Governor,20040630,1
911,gramlich,Governor,20040630,1
912,hoenig,Preisdent,20040630,1
913,kohn,Governor,20040630,1
914,minehan,President,20040630,1
915,olson,Governor,20040630,1
916,pianalto,President,20040630,1
917,poole, President,20040630,1
918,greenspan,Chairman,20040810,1
919,geithner,Vice Chairman,20040810,1
920,bernanke,Governor,20040810,1
921,bies,Governor,20040810,1
922,ferguson,Governor,20040810,1
923,gramlich,Governor,20040810,1
924,hoenig,Preisdent,20040810,1
925,kohn,Governor,20040810,1
926,minehan,President,20040810,1
927,olson,Governor,20040810,1
928,pianalto,President,20040810,1
929,poole, President,20040810,1
930,greenspan,Chairman,20040921,1
931,geithner,Vice Chairman,20040921,1
932,bernanke,Governor,20040921,1
933,bies,Governor,20040921,1
934,ferguson,Governor,20040921,1
935,gramlich,Governor,20040921,1
936,hoenig,Preisdent,20040921,1
937,kohn,Governor,20040921,1
938,minehan,President,20040921,1
939,olson,Governor,20040921,1
940,pianalto,President,20040921,1
941,poole, President,20040921,1
942,greenspan,Chairman,20041110,1
943,geithner,Vice Chairman,20041110,1
944,bernanke,Governor,20041110,1
945,bies,Governor,20041110,1
946,ferguson,Governor,20041110,1
947,gramlich,Governor,20041110,1
948,hoenig,Preisdent,20041110,1
949,kohn,Governor,20041110,1
950,minehan,President,20041110,1
951,olson,Governor,20041110,1
952,pianalto,President,20041110,1
953,poole, President,20041110,1
954,greenspan,Chairman,20041214,1
955,geithner,Vice Chairman,20041214,1
956,bernanke,Governor,20041214,1
957,bies,Governor,20041214,1
958,ferguson,Governor,20041214,1
959,gramlich,Governor,20041214,1
960,hoenig,Preisdent,20041214,1
961,kohn,Governor,20041214,1
962,minehan,President,20041214,1
963,olson,Governor,20041214,1
964,pianalto,President,20041214,1
965,poole, President,20041214,1
966,greenspan,Chairman,20050202,1
967,geithner,Vice Chairman,20050202,1
968,bernanke,Governor,20050202,1
969,bies,Governor,20050202,1
970,ferguson,Governor,20050202,1
971,gramlich,Governor,20050202,1
972,guynn,President,20050202,1
973,kohn,Governor,20050202,1
974,moskow,President,20050202,1
975,olson,Governor,20050202,1
976,santomero,President,20050202,1
977,stern, President,20050202,1
978,greenspan,Chairman,20050322,1
979,geithner,Vice Chairman,20050322,1
980,bernanke,Governor,20050322,1
981,bies,Governor,20050322,1
982,ferguson,Governor,20050322,1
983,gramlich,Governor,20050322,1
984,guynn,President,20050322,1
985,kohn,Governor,20050322,1
986,moskow,President,20050322,1
987,olson,Governor,20050322,1
988,santomero,President,20050322,1
989,stern, President,20050322,1
990,greenspan,Chairman,20050503,1
991,geithner,Vice Chairman,20050503,1
992,bies,Governor,20050503,1
993,ferguson,Governor,20050503,1
994,fisher,President,20050503,1
995,gramlich,Governor,20050503,1
996,kohn,Governor,20050503,1
997,moskow,President,20050503,1
998,olson,Governor,20050503,1
999,santomero,President,20050503,1
1000,stern, President,20050503,1
1001,greenspan,Chairman,20050630,1
1002,geithner,Vice Chairman,20050630,1
1003,bies,Governor,20050630,1
1004,ferguson,Governor,20050630,1
1005,fisher,President,20050630,1
1006,gramlich,Governor,20050630,1
1007,kohn,Governor,20050630,1
1008,moskow,President,20050630,1
1009,olson,Governor,20050630,1
1010,santomero,President,20050630,1
1011,stern, President,20050630,1
1012,greenspan,Chairman,20050809,1
1013,geithner,Vice Chairman,20050809,1
1014,bies,Governor,20050809,1
1015,ferguson,Governor,20050809,1
1016,fisher,President,20050809,1
1017,kohn,Governor,20050809,1
1018,moskow,President,20050809,1
1019,olson,Governor,20050809,1
1020,santomero,President,20050809,1
1021,stern, President,20050809,1
1022,greenspan,Chairman,20050920,1
1023,geithner,Vice Chairman,20050920,1
1024,bies,Governor,20050920,1
1025,ferguson,Governor,20050920,1
1026,fisher,President,20050920,1
1027,kohn,Governor,20050920,1
1028,moskow,President,20050920,1
1029,olson,Governor,20050920,1
1030,santomero,President,20050920,1
1031,stern, President,20050920,1
1032,greenspan,Chairman,20051101,1
1033,geithner,Vice Chairman,20051101,1
1034,bies,Governor,20051101,1
1035,ferguson,Governor,20051101,1
1036,fisher,President,20051101,1
1037,kohn,Governor,20051101,1
1038,moskow,President,20051101,1
1039,olson,Governor,20051101,1
1040,santomero,President,20051101,1
1041,stern, President,20051101,1
1042,greenspan,Chairman,20051213,1
1043,geithner,Vice Chairman,20051213,1
1044,bies,Governor,20051213,1
1045,ferguson,Governor,20051213,1
1046,fisher,President,20051213,1
1047,kohn,Governor,20051213,1
1048,moskow,President,20051213,1
1049,olson,Governor,20051213,1
1050,santomero,President,20051213,1
1051,stern, President,20051213,1
1052,greenspan,Chairman,20060131,1
1053,geithner,Vice Chairman,20060131,1
1054,bies,Governor,20060131,1
1055,ferguson,Governor,20060131,1
1056,guynn,President,20060131,1
1057,kohn,Governor,20060131,1
1058,lacker,President,20060131,1
1059,olson,Governor,20060131,1
1060,pianalto,President,20060131,1
1061,yellen,President,20060131,1
1062,bernanke,Chairman,20060328,1
1063,geithner,Vice Chairman,20060328,1
1064,bies,Governor,20060328,1
1065,guynn,President,20060328,1
1066,kohn,Governor,20060328,1
1067,kroszner,Governor,20060328,1
1068,lacker,President,20060328,1
1069,olson,Governor,20060328,1
1070,pianalto,President,20060328,1
1071,warsh,Governor,20060328,1
1072,yellen,President,20060328,1
1073,bernanke,Chairman,20060510,1
1074,geithner,Vice Chairman,20060510,1
1075,bies,Governor,20060510,1
1076,guynn,President,20060510,1
1077,kohn,Governor,20060510,1
1078,kroszner,Governor,20060510,1
1079,lacker,President,20060510,1
1080,olson,Governor,20060510,1
1081,pianalto,President,20060510,1
1082,warsh,Governor,20060510,1
1083,yellen,President,20060510,1
1084,bernanke,Chairman,20060629,1
1085,geithner,Vice Chairman,20060629,1
1086,bies,Governor,20060629,1
1087,guynn,President,20060629,1
1088,kohn,Governor,20060629,1
1089,kroszner,Governor,20060629,1
1090,lacker,President,20060629,1
1091,pianalto,President,20060629,1
1092,warsh,Governor,20060629,1
1093,yellen,President,20060629,1
1094,bernanke,Chairman,20060808,1
1095,geithner,Vice Chairman,20060808,1
1096,bies,Governor,20060808,1
1097,guynn,President,20060808,1
1098,kohn,Governor,20060808,1
1099,kroszner,Governor,20060808,1
1100,lacker,President,20060808,1
1101,pianalto,President,20060808,1
1102,warsh,Governor,20060808,1
1103,yellen,President,20060808,1
1104,bernanke,Chairman,20060920,1
1105,geithner,Vice Chairman,20060920,1
1106,bies,Governor,20060920,1
1107,guynn,President,20060920,1
1108,kohn,Governor,20060920,1
1109,kroszner,Governor,20060920,1
1110,lacker,President,20060920,1
1111,mishkin,Governor,20060920,1
1112,pianalto,President,20060920,1
1113,warsh,Governor,20060920,1
1114,yellen,President,20060920,1
1115,bernanke,Chairman,20061025,1
1116,geithner,Vice Chairman,20061025,1
1117,bies,Governor,20061025,1
1118,kohn,Governor,20061025,1
1119,kroszner,Governor,20061025,1
1120,lacker,President,20061025,1
1121,mishkin,Governor,20061025,1
1122,pianalto,President,20061025,1
1123,poole,President,20061025,1
1124,warsh,Governor,20061025,1
1125,yellen,President,20061025,1
1126,bernanke,Chairman,20061212,1
1127,geithner,Vice Chairman,20061212,1
1128,bies,Governor,20061212,1
1129,kohn,Governor,20061212,1
1130,kroszner,Governor,20061212,1
1131,lacker,President,20061212,1
1132,mishkin,Governor,20061212,1
1133,pianalto,President,20061212,1
1134,poole,President,20061212,1
1135,warsh,Governor,20061212,1
1136,yellen,President,20061212,1
1137,bernanke,Chairman,20070131,1
1138,geithner,Vice Chairman,20070131,1
1139,bies,Governor,20070131,1
1140,hoenig,President,20070131,1
1141,kohn,Governor,20070131,1
1142,kroszner,Governor,20070131,1
1143,minehan,President,20070131,1
1144,mishkin,Governor,20070131,1
1145,moskow,President,20070131,1
1146,poole,President,20070131,1
1147,warsh,Governor,20070131,1
1148,bernanke,Chairman,20070321,1
1149,geithner,Vice Chairman,20070321,1
1150,hoenig,President,20070321,1
1151,kohn,Governor,20070321,1
1152,kroszner,Governor,20070321,1
1153,minehan,President,20070321,1
1154,mishkin,Governor,20070321,1
1155,moskow,President,20070321,1
1156,poole,President,20070321,1
1157,warsh,Governor,20070321,1
1158,bernanke,Chairman,20070509,1
1159,geithner,Vice Chairman,20070509,1
1160,hoenig,President,20070509,1
1161,kohn,Governor,20070509,1
1162,kroszner,Governor,20070509,1
1163,minehan,President,20070509,1
1164,mishkin,Governor,20070509,1
1165,moskow,President,20070509,1
1166,poole,President,20070509,1
1167,warsh,Governor,20070509,1
1168,bernanke,Chairman,20070628,1
1169,geithner,Vice Chairman,20070628,1
1170,hoenig,President,20070628,1
1171,kohn,Governor,20070628,1
1172,kroszner,Governor,20070628,1
1173,minehan,President,20070628,1
1174,mishkin,Governor,20070628,1
1175,moskow,President,20070628,1
1176,poole,President,20070628,1
1177,warsh,Governor,20070628,1
1178,bernanke,Chairman,20070807,1
1179,geithner,Vice Chairman,20070807,1
1180,hoenig,President,20070807,1
1181,kohn,Governor,20070807,1
1182,kroszner,Governor,20070807,1
1183,mishkin,Governor,20070807,1
1184,moskow,President,20070807,1
1185,poole,President,20070807,1
1186,rosengren,President,20070807,1
1187,warsh,Governor,20070807,1
1188,bernanke,Chairman,20070918,1
1189,geithner,Vice Chairman,20070918,1
1190,evans,President,20070918,1
1191,hoenig,President,20070918,1
1192,kohn,Governor,20070918,1
1193,kroszner,Governor,20070918,1
1194,mishkin,Governor,20070918,1
1195,poole,President,20070918,1
1196,rosengren,President,20070918,1
1197,warsh,Governor,20070918,1
1198,bernanke,Chairman,20071031,1
1199,geithner,Vice Chairman,20071031,1
1200,evans,President,20071031,1
1201,hoenig,President,20071031,1
1202,kohn,Governor,20071031,1
1203,kroszner,Governor,20071031,1
1204,mishkin,Governor,20071031,1
1205,poole,President,20071031,1
1206,rosengren,President,20071031,1
1207,warsh,Governor,20071031,1
1208,bernanke,Chairman,20071211,1
1209,geithner,Vice Chairman,20071211,1
1210,evans,President,20071211,1
1211,hoenig,President,20071211,1
1212,kohn,Governor,20071211,1
1213,kroszner,Governor,20071211,1
1214,mishkin,Governor,20071211,1
1215,poole,President,20071211,1
1216,rosengren,President,20071211,1
1217,warsh,Governor,20071211,1
1218,bernanke,Chairman,20080130,1
1219,geithner,Vice Chairman,20080130,1
1220,fisher,President,20080130,1
1221,kohn,Governor,20080130,1
1222,kroszner,Governor,20080130,1
1223,mishkin,Governor,20080130,1
1224,pianalto,President,20080130,1
1225,plosser,President,20080130,1
1226,stern,President,20080130,1
1227,warsh,Governor,20080130,1
1228,bernanke,Chairman,20080318,1
1229,geithner,Vice Chairman,20080318,1
1230,fisher,President,20080318,1
1231,kohn,Governor,20080318,1
1232,kroszner,Governor,20080318,1
1233,mishkin,Governor,20080318,1
1234,pianalto,President,20080318,1
1235,plosser,President,20080318,1
1236,stern,President,20080318,1
1237,warsh,Governor,20080318,1
1238,bernanke,Chairman,20080430,1
1239,geithner,Vice Chairman,20080430,1
1240,fisher,President,20080430,1
1241,kohn,Governor,20080430,1
1242,kroszner,Governor,20080430,1
1243,mishkin,Governor,20080430,1
1244,pianalto,President,20080430,1
1245,plosser,President,20080430,1
1246,stern,President,20080430,1
1247,warsh,Governor,20080430,1
1248,bernanke,Chairman,20080625,1
1249,geithner,Vice Chairman,20080625,1
1250,fisher,President,20080625,1
1251,kohn,Governor,20080625,1
1252,kroszner,Governor,20080625,1
1253,mishkin,Governor,20080625,1
1254,pianalto,President,20080625,1
1255,plosser,President,20080625,1
1256,stern,President,20080625,1
1257,warsh,Governor,20080625,1
1258,bernanke,Chairman,20080805,1
1259,geithner,Vice Chairman,20080805,1
1260,duke,Governor,20080805,1
1261,fisher,President,20080805,1
1262,kohn,Governor,20080805,1
1263,kroszner,Governor,20080805,1
1264,mishkin,Governor,20080805,1
1265,pianalto,President,20080805,1
1266,plosser,President,20080805,1
1267,stern,President,20080805,1
1268,warsh,Governor,20080805,1
1269,bernanke,Chairman,20080916,1
1270,cumming,First Vice President,20080916,1
1271,duke,Governor,20080916,1
1272,fisher,President,20080916,1
1273,kohn,Governor,20080916,1
1274,kroszner,Governor,20080916,1
1275,pianalto,President,20080916,1
1276,plosser,President,20080916,1
1277,stern,President,20080916,1
1278,warsh,Governor,20080916,1
1279,bernanke,Chairman,20081029,1
1280,geithner,Vice Chairman,20081029,1
1281,duke,Governor,20081029,1
1282,fisher,President,20081029,1
1283,kohn,Governor,20081029,1
1284,kroszner,Governor,20081029,1
1285,pianalto,President,20081029,1
1286,plosser,President,20081029,1
1287,stern,President,20081029,1
1288,warsh,Governor,20081029,1
1289,bernanke,Chairman,20081216,1
1290,cumming,First Vice President,20081216,1
1291,duke,Governor,20081216,1
1292,fisher,President,20081216,1
1293,kohn,Governor,20081216,1
1294,kroszner,Governor,20081216,1
1295,pianalto,President,20081216,1
1296,plosser,President,20081216,1
1297,stern,President,20081216,1
1298,warsh,Governor,20081216,1
1299,bernanke,Chairman,20090128,1
1300,dudley,Vice Chairman,20090128,1
1301,duke,Governor,20090128,1
1302,evans,President,20090128,1
1303,kohn,Governor,20090128,1
1304,lacker,President,20090128,1
1305,lockhart,President,20090128,1
1306,warsh,Governor,20090128,1
1307,yellen,President,20090128,1
1308,bernanke,Chairman,20090318,1
1309,dudley,Vice Chairman,20090318,1
1310,duke,Governor,20090318,1
1311,evans,President,20090318,1
1312,kohn,Governor,20090318,1
1313,lacker,President,20090318,1
1314,lockhart,President,20090318,1
1315,tarullo,Governor,20090318,1
1316,warsh,Governor,20090318,1
1317,yellen,President,20090318,1
1318,bernanke,Chairman,20090429,1
1319,dudley,Vice Chairman,20090429,1
1320,duke,Governor,20090429,1
1321,evans,President,20090429,1
1322,kohn,Governor,20090429,1
1323,lacker,President,20090429,1
1324,lockhart,President,20090429,1
1325,tarullo,Governor,20090429,1
1326,warsh,Governor,20090429,1
1327,yellen,President,20090429,1
1328,bernanke,Chairman,20090624,1
1329,dudley,Vice Chairman,20090624,1
1330,duke,Governor,20090624,1
1331,evans,President,20090624,1
1332,kohn,Governor,20090624,1
1333,lacker,President,20090624,1
1334,lockhart,President,20090624,1
1335,tarullo,Governor,20090624,1
1336,warsh,Governor,20090624,1
1337,yellen,President,20090624,1
1338,bernanke,Chairman,20090812,1
1339,dudley,Vice Chairman,20090812,1
1340,duke,Governor,20090812,1
1341,evans,President,20090812,1
1342,kohn,Governor,20090812,1
1343,lacker,President,20090812,1
1344,lockhart,President,20090812,1
1345,tarullo,Governor,20090812,1
1346,warsh,Governor,20090812,1
1347,yellen,President,20090812,1
1348,bernanke,Chairman,20090923,1
1349,dudley,Vice Chairman,20090923,1
1350,duke,Governor,20090923,1
1351,evans,President,20090923,1
1352,kohn,Governor,20090923,1
1353,lacker,President,20090923,1
1354,lockhart,President,20090923,1
1355,tarullo,Governor,20090923,1
1356,warsh,Governor,20090923,1
1357,yellen,President,20090923,1
1358,bernanke,Chairman,20091104,1
1359,dudley,Vice Chairman,20091104,1
1360,duke,Governor,20091104,1
1361,evans,President,20091104,1
1362,kohn,Governor,20091104,1
1363,lacker,President,20091104,1
1364,lockhart,President,20091104,1
1365,tarullo,Governor,20091104,1
1366,warsh,Governor,20091104,1
1367,yellen,President,20091104,1
1368,bernanke,Chairman,20091216,1
1369,dudley,Vice Chairman,20091216,1
1370,duke,Governor,20091216,1
1371,evans,President,20091216,1
1372,kohn,Governor,20091216,1
1373,lacker,President,20091216,1
1374,lockhart,President,20091216,1
1375,tarullo,Governor,20091216,1
1376,warsh,Governor,20091216,1
1377,yellen,President,20091216,1
1378,bernanke,Chairman,20100127,1
1379,dudley,Vice Chairman,20100127,1
1380,bullard,President,20100127,1
1381,duke,Governor,20100127,1
1382,hoenig,President,20100127,1
1383,kohn,Governor,20100127,1
1384,pianalto,President,20100127,1
1385,rosengren,President,20100127,1
1386,tarullo,Governor,20100127,1
1387,warsh,Governor,20100127,1
1388,bernanke,Chairman,20100316,1
1389,dudley,Vice Chairman,20100316,1
1390,bullard,President,20100316,1
1391,duke,Governor,20100316,1
1392,hoenig,President,20100316,1
1393,kohn,Governor,20100316,1
1394,pianalto,President,20100316,1
1395,rosengren,President,20100316,1
1396,tarullo,Governor,20100316,1
1397,warsh,Governor,20100316,1
1398,bernanke,Chairman,20100428,1
1399,dudley,Vice Chairman,20100428,1
1400,bullard,President,20100428,1
1401,duke,Governor,20100428,1
1402,hoenig,President,20100428,1
1403,kohn,Governor,20100428,1
1404,pianalto,President,20100428,1
1405,rosengren,President,20100428,1
1406,tarullo,Governor,20100428,1
1407,warsh,Governor,20100428,1
1408,bernanke,Chairman,20100623,1
1409,dudley,Vice Chairman,20100623,1
1410,bullard,President,20100623,1
1411,duke,Governor,20100623,1
1412,hoenig,President,20100623,1
1413,kohn,Governor,20100623,1
1414,pianalto,President,20100623,1
1415,rosengren,President,20100623,1
1416,tarullo,Governor,20100623,1
1417,warsh,Governor,20100623,1
1418,bernanke,Chairman,20100810,1
1419,dudley,Vice Chairman,20100810,1
1420,bullard,President,20100810,1
1421,duke,Governor,20100810,1
1422,hoenig,President,20100810,1
1423,kohn,Governor,20100810,1
1424,pianalto,President,20100810,1
1425,rosengren,President,20100810,1
1426,tarullo,Governor,20100810,1
1427,warsh,Governor,20100810,1
1428,bernanke,Chairman,20100921,1
1429,dudley,Vice Chairman,20100921,1
1430,bullard,President,20100921,1
1431,duke,Governor,20100921,1
1432,hoenig,President,20100921,1
1433,pianalto,President,20100921,1
1434,rosengren,President,20100921,1
1435,tarullo,Governor,20100921,1
1436,warsh,Governor,20100921,1
1437,bernanke,Chairman,20101103,1
1438,dudley,Vice Chairman,20101103,1
1439,bullard,President,20101103,1
1440,duke,Governor,20101103,1
1441,hoenig,President,20101103,1
1442,pianalto,President,20101103,1
1443,rosengren,President,20101103,1
1444,tarullo,Governor,20101103,1
1445,warsh,Governor,20101103,1
1446,yellen,Governor,20101103,1
1447,bernanke,Chairman,20101214,1
1448,dudley,Vice Chairman,20101214,1
1449,bullard,President,20101214,1
1450,duke,Governor,20101214,1
1451,hoenig,President,20101214,1
1452,pianalto,President,20101214,1
1453,raskin,Governor,20101214,1
1454,rosengren,President,20101214,1
1455,tarullo,Governor,20101214,1
1456,warsh,Governor,20101214,1
1457,yellen,Governor,20101214,1
1458,bernanke,Chairman,20110126,1
1459,dudley,Vice Chairman,20110126,1
1460,duke,Governor,20110126,1
1461,evans,President,20110126,1
1462,fisher,President,20110126,1
1463,kocherlakota,President,20110126,1
1464,plosser,President,20110126,1
1465,raskin,Governor,20110126,1
1466,tarullo,Governor,20110126,1
1467,warsh,Governor,20110126,1
1468,yellen,Governor,20110126,1
1469,bernanke,Chairman,20110315,1
1470,dudley,Vice Chairman,20110315,1
1471,duke,Governor,20110315,1
1472,evans,President,20110315,1
1473,fisher,President,20110315,1
1474,kocherlakota,President,20110315,1
1475,plosser,President,20110315,1
1476,raskin,Governor,20110315,1
1477,tarullo,Governor,20110315,1
1478,yellen,Governor,20110315,1
1479,bernanke,Chairman,20110427,1
1480,dudley,Vice Chairman,20110427,1
1481,duke,Governor,20110427,1
1482,evans,President,20110427,1
1483,fisher,President,20110427,1
1484,kocherlakota,President,20110427,1
1485,plosser,President,20110427,1
1486,raskin,Governor,20110427,1
1487,tarullo,Governor,20110427,1
1488,yellen,Governor,20110427,1
1489,bernanke,Chairman,20110622,1
1490,dudley,Vice Chairman,20110622,1
1491,duke,Governor,20110622,1
1492,evans,President,20110622,1
1493,fisher,President,20110622,1
1494,kocherlakota,President,20110622,1
1495,plosser,President,20110622,1
1496,raskin,Governor,20110622,1
1497,tarullo,Governor,20110622,1
1498,yellen,Governor,20110622,1
1499,bernanke,Chairman,20110809,1
1500,dudley,Vice Chairman,20110809,1
1501,duke,Governor,20110809,1
1502,evans,President,20110809,1
1503,fisher,President,20110809,1
1504,kocherlakota,President,20110809,1
1505,plosser,President,20110809,1
1506,raskin,Governor,20110809,1
1507,tarullo,Governor,20110809,1
1508,yellen,Governor,20110809,1
1509,bernanke,Chairman,20110921,1
1510,dudley,Vice Chairman,20110921,1
1511,duke,Governor,20110921,1
1512,evans,President,20110921,1
1513,fisher,President,20110921,1
1514,kocherlakota,President,20110921,1
1515,plosser,President,20110921,1
1516,raskin,Governor,20110921,1
1517,tarullo,Governor,20110921,1
1518,yellen,Governor,20110921,1
1519,bernanke,Chairman,20111102,1
1520,dudley,Vice Chairman,20111102,1
1521,duke,Governor,20111102,1
1522,evans,President,20111102,1
1523,fisher,President,20111102,1
1524,kocherlakota,President,20111102,1
1525,plosser,President,20111102,1
1526,raskin,Governor,20111102,1
1527,tarullo,Governor,20111102,1
1528,yellen,Governor,20111102,1
1529,bernanke,Chairman,20111213,1
1530,dudley,Vice Chairman,20111213,1
1531,duke,Governor,20111213,1
1532,evans,President,20111213,1
1533,fisher,President,20111213,1
1534,kocherlakota,President,20111213,1
1535,plosser,President,20111213,1
1536,raskin,Governor,20111213,1
1537,tarullo,Governor,20111213,1
1538,yellen,Governor,20111213,1
1539,bernanke,Chairman,20120125,1
1540,dudley,Vice Chairman,20120125,1
1541,duke,Governor,20120125,1
1542,lacker,President,20120125,1
1543,lockhart,President,20120125,1
1544,pianalto,President,20120125,1
1545,raskin,Governor,20120125,1
1546,tarullo,Governor,20120125,1
1547,williams,President,20120125,1
1548,yellen,Governor,20120125,1
1549,bernanke,Chairman,20120313,1
1550,dudley,Vice Chairman,20120313,1
1551,duke,Governor,20120313,1
1552,lacker,President,20120313,1
1553,lockhart,President,20120313,1
1554,pianalto,President,20120313,1
1555,raskin,Governor,20120313,1
1556,tarullo,Governor,20120313,1
1557,williams,President,20120313,1
1558,yellen,Governor,20120313,1
1559,bernanke,Chairman,20120425,1
1560,dudley,Vice Chairman,20120425,1
1561,duke,Governor,20120425,1
1562,lacker,President,20120425,1
1563,lockhart,President,20120425,1
1564,pianalto,President,20120425,1
1565,raskin,Governor,20120425,1
1566,tarullo,Governor,20120425,1
1567,williams,President,20120425,1
1568,yellen,Governor,20120425,1
1569,bernanke,Chairman,20120620,1
1570,dudley,Vice Chairman,20120620,1
1571,duke,Governor,20120620,1
1572,lacker,President,20120620,1
1573,lockhart,President,20120620,1
1574,pianalto,President,20120620,1
1575,powell,Governor,20120620,1
1576,raskin,Governor,20120620,1
1577,stein,Governor,20120620,1
1578,tarullo,Governor,20120620,1
1579,williams,President,20120620,1
1580,yellen,Governor,20120620,1
1581,bernanke,Chairman,20120801,1
1582,dudley,Vice Chairman,20120801,1
1583,duke,Governor,20120801,1
1584,lacker,President,20120801,1
1585,lockhart,President,20120801,1
1586,pianalto,President,20120801,1
1587,powell,Governor,20120801,1
1588,raskin,Governor,20120801,1
1589,stein,Governor,20120801,1
1590,tarullo,Governor,20120801,1
1591,williams,President,20120801,1
1592,yellen,Governor,20120801,1
1593,bernanke,Chairman,20120913,1
1594,dudley,Vice Chairman,20120913,1
1595,duke,Governor,20120913,1
1596,lacker,President,20120913,1
1597,lockhart,President,20120913,1
1598,pianalto,President,20120913,1
1599,powell,Governor,20120913,1
1600,raskin,Governor,20120913,1
1601,stein,Governor,20120913,1
1602,tarullo,Governor,20120913,1
1603,williams,President,20120913,1
1604,yellen,Governor,20120913,1
1605,bernanke,Chairman,20121024,1
1606,dudley,Vice Chairman,20121024,1
1607,duke,Governor,20121024,1
1608,lacker,President,20121024,1
1609,lockhart,President,20121024,1
1610,pianalto,President,20121024,1
1611,powell,Governor,20121024,1
1612,raskin,Governor,20121024,1
1613,stein,Governor,20121024,1
1614,tarullo,Governor,20121024,1
1615,williams,President,20121024,1
1616,yellen,Governor,20121024,1
1617,bernanke,Chairman,20121212,1
1618,dudley,Vice Chairman,20121212,1
1619,duke,Governor,20121212,1
1620,lacker,President,20121212,1
1621,lockhart,President,20121212,1
1622,pianalto,President,20121212,1
1623,powell,Governor,20121212,1
1624,raskin,Governor,20121212,1
1625,stein,Governor,20121212,1
1626,tarullo,Governor,20121212,1
1627,williams,President,20121212,1
1628,yellen,Governor,20121212,1
1629,bernanke,Chairman,20130130,1
1630,dudley,Vice Chairman,20130130,1
1631,bullard,President,20130130,1
1632,duke,Governor,20130130,1
1633,evans,President,20130130,1
1634,george,President,20130130,1
1635,powell,Governor,20130130,1
1636,raskin,Governor,20130130,1
1637,rosengren,President,20130130,1
1638,stein,Governor,20130130,1
1639,tarullo,Governor,20130130,1
1640,yellen,Governor,20130130,1
1641,bernanke,Chairman,20130320,1
1642,dudley,Vice Chairman,20130320,1
1643,bullard,President,20130320,1
1644,duke,Governor,20130320,1
1645,evans,President,20130320,1
1646,george,President,20130320,1
1647,powell,Governor,20130320,1
1648,raskin,Governor,20130320,1
1649,rosengren,President,20130320,1
1650,stein,Governor,20130320,1
1651,tarullo,Governor,20130320,1
1652,yellen,Governor,20130320,1
1653,bernanke,Chairman,20130501,1
1654,dudley,Vice Chairman,20130501,1
1655,bullard,President,20130501,1
1656,duke,Governor,20130501,1
1657,evans,President,20130501,1
1658,george,President,20130501,1
1659,powell,Governor,20130501,1
1660,raskin,Governor,20130501,1
1661,rosengren,President,20130501,1
1662,stein,Governor,20130501,1
1663,tarullo,Governor,20130501,1
1664,yellen,Governor,20130501,1
1665,bernanke,Chairman,20130619,1
1666,dudley,Vice Chairman,20130619,1
1667,bullard,President,20130619,1
1668,duke,Governor,20130619,1
1669,evans,President,20130619,1
1670,george,President,20130619,1
1671,powell,Governor,20130619,1
1672,raskin,Governor,20130619,1
1673,rosengren,President,20130619,1
1674,stein,Governor,20130619,1
1675,tarullo,Governor,20130619,1
1676,yellen,Governor,20130619,1
1677,bernanke,Chairman,20130731,1
1678,dudley,Vice Chairman,20130731,1
1679,bullard,President,20130731,1
1680,duke,Governor,20130731,1
1681,evans,President,20130731,1
1682,george,President,20130731,1
1683,powell,Governor,20130731,1
1684,raskin,Governor,20130731,1
1685,rosengren,President,20130731,1
1686,stein,Governor,20130731,1
1687,tarullo,Governor,20130731,1
1688,yellen,Governor,20130731,1
1689,bernanke,Chairman,20130918,1
1690,dudley,Vice Chairman,20130918,1
1691,bullard,President,20130918,1
1692,evans,President,20130918,1
1693,george,President,20130918,1
1694,powell,Governor,20130918,1
1695,rosengren,President,20130918,1
1696,stein,Governor,20130918,1
1697,tarullo,Governor,20130918,1
1698,yellen,Governor,20130918,1
1699,bernanke,Chairman,20131030,1
1700,dudley,Vice Chairman,20131030,1
1701,bullard,President,20131030,1
1702,evans,President,20131030,1
1703,george,President,20131030,1
1704,powell,Governor,20131030,1
1705,rosengren,President,20131030,1
1706,stein,Governor,20131030,1
1707,tarullo,Governor,20131030,1
1708,yellen,Governor,20131030,1
1709,bernanke,Chairman,20131218,1
1710,dudley,Vice Chairman,20131218,1
1711,bullard,President,20131218,1
1712,evans,President,20131218,1
1713,george,President,20131218,1
1714,powell,Governor,20131218,1
1715,rosengren,President,20131218,1
1716,stein,Governor,20131218,1
1717,tarullo,Governor,20131218,1
1718,yellen,Governor,20131218,1
1719,bernanke,Chairman,20140129,1
1720,dudley,Vice Chairman,20140129,1
1721,fisher,President,20140129,1
1722,kocherlakota,President,20140129,1
1723,pianalto,President,20140129,1
1724,plosser,President,20140129,1
1725,powell,Governor,20140129,1
1726,stein,Governor,20140129,1
1727,tarullo,Governor,20140129,1
1728,yellen,Governor,20140129,1
1729,yellen,Chair,20140319,1
1730,dudley,Vice Chairman,20140319,1
1731,fisher,President,20140319,1
1732,kocherlakota,President,20140319,1
1733,pianalto,President,20140319,1
1734,plosser,President,20140319,1
1735,powell,Governor,20140319,1
1736,stein,Governor,20140319,1
1737,tarullo,Governor,20140319,1
1738,yellen,Chair,20140430,1
1739,dudley,Vice Chairman,20140430,1
1740,fisher,President,20140430,1
1741,kocherlakota,President,20140430,1
1742,pianalto,President,20140430,1
1743,plosser,President,20140430,1
1744,powell,Governor,20140430,1
1745,stein,Governor,20140430,1
1746,tarullo,Governor,20140430,1
1747,yellen,Chair,20140618,1
1748,dudley,Vice Chairman,20140618,1
1749,brainard,Governor,20140618,1
1750,fischer,Governor,20140618,1
1751,fisher,President,20140618,1
1752,kocherlakota,President,20140618,1
1753,mester,President,20140618,1
1754,plosser,President,20140618,1
1755,powell,Governor,20140618,1
1756,tarullo,Governor,20140618,1
1757,yellen,Chair,20140730,1
1758,dudley,Vice Chairman,20140730,1
1759,brainard,Governor,20140730,1
1760,fischer,Governor,20140730,1
1761,fisher,President,20140730,1
1762,kocherlakota,President,20140730,1
1763,mester,President,20140730,1
1764,plosser,President,20140730,1
1765,powell,Governor,20140730,1
1766,tarullo,Governor,20140730,1
1767,yellen,Chair,20140917,1
1768,dudley,Vice Chairman,20140917,1
1769,brainard,Governor,20140917,1
1770,fischer,Governor,20140917,1
1771,fisher,President,20140917,1
1772,kocherlakota,President,20140917,1
1773,mester,President,20140917,1
1774,plosser,President,20140917,1
1775,powell,Governor,20140917,1
1776,tarullo,Governor,20140917,1
1777,yellen,Chair,20141029,1
1778,dudley,Vice Chairman,20141029,1
1779,brainard,Governor,20141029,1
1780,fischer,Governor,20141029,1
1781,fisher,President,20141029,1
1782,kocherlakota,President,20141029,1
1783,mester,President,20141029,1
1784,plosser,President,20141029,1
1785,powell,Governor,20141029,1
1786,tarullo,Governor,20141029,1
1787,yellen,Chair,20141217,1
1788,dudley,Vice Chairman,20141217,1
1789,brainard,Governor,20141217,1
1790,fischer,Governor,20141217,1
1791,fisher,President,20141217,1
1792,kocherlakota,President,20141217,1
1793,mester,President,20141217,1
1794,plosser,President,20141217,1
1795,powell,Governor,20141217,1
1796,tarullo,Governor,20141217,1
1797,yellen,Chair,20150128,1
1798,dudley,Vice Chairman,20150128,1
1799,brainard,Governor,20150128,1
1800,evans,President,20150128,1
1801,fischer,Governor,20150128,1
1802,lacker,President,20150128,1
1803,lockhart,President,20150128,1
1804,powell,Governor,20150128,1
1805,tarullo,Governor,20150128,1
1806,williams,President,20150128,1
1807,yellen,Chair,20150318,1
1808,dudley,Vice Chairman,20150318,1
1809,brainard,Governor,20150318,1
1810,evans,President,20150318,1
1811,fischer,Governor,20150318,1
1812,lacker,President,20150318,1
1813,lockhart,President,20150318,1
1814,powell,Governor,20150318,1
1815,tarullo,Governor,20150318,1
1816,williams,President,20150318,1
1817,yellen,Chair,20150429,1
1818,dudley,Vice Chairman,20150429,1
1819,brainard,Governor,20150429,1
1820,evans,President,20150429,1
1821,fischer,Governor,20150429,1
1822,lacker,President,20150429,1
1823,lockhart,President,20150429,1
1824,powell,Governor,20150429,1
1825,tarullo,Governor,20150429,1
1826,williams,President,20150429,1
1827,yellen,Chair,20150617,1
1828,dudley,Vice Chairman,20150617,1
1829,brainard,Governor,20150617,1
1830,evans,President,20150617,1
1831,fischer,Governor,20150617,1
1832,lacker,President,20150617,1
1833,lockhart,President,20150617,1
1834,powell,Governor,20150617,1
1835,tarullo,Governor,20150617,1
1836,williams,President,20150617,1
1837,yellen,Chair,20150729,1
1838,dudley,Vice Chairman,20150729,1
1839,brainard,Governor,20150729,1
1840,evans,President,20150729,1
1841,fischer,Governor,20150729,1
1842,lacker,President,20150729,1
1843,lockhart,President,20150729,1
1844,powell,Governor,20150729,1
1845,tarullo,Governor,20150729,1
1846,williams,President,20150729,1
1847,yellen,Chair,20150917,1
1848,dudley,Vice Chairman,20150917,1
1849,brainard,Governor,20150917,1
1850,evans,President,20150917,1
1851,fischer,Governor,20150917,1
1852,lacker,President,20150917,1
1853,lockhart,President,20150917,1
1854,powell,Governor,20150917,1
1855,tarullo,Governor,20150917,1
1856,williams,President,20150917,1
1857,yellen,Chair,20151028,1
1858,dudley,Vice Chairman,20151028,1
1859,brainard,Governor,20151028,1
1860,evans,President,20151028,1
1861,fischer,Governor,20151028,1
1862,lacker,President,20151028,1
1863,lockhart,President,20151028,1
1864,powell,Governor,20151028,1
1865,tarullo,Governor,20151028,1
1866,williams,President,20151028,1
1867,yellen,Chair,20151216,1
1868,dudley,Vice Chairman,20151216,1
1869,brainard,Governor,20151216,1
1870,evans,President,20151216,1
1871,fischer,Governor,20151216,1
1872,lacker,President,20151216,1
1873,lockhart,President,20151216,1
1874,powell,Governor,20151216,1
1875,tarullo,Governor,20151216,1
1876,williams,President,20151216,1
1877,yellen,Chair,20160127,1
1878,dudley,Vice Chairman,20160127,1
1879,brainard,Governor,20160127,1
1880,bullard,President,20160127,1
1881,fischer,Governor,20160127,1
1882,george,President,20160127,1
1883,mester,President,20160127,1
1884,powell,Governor,20160127,1
1885,rosengren,President,20160127,1
1886,tarullo,Governor,20160127,1
1887,yellen,Chair,20160316,1
1888,dudley,Vice Chairman,20160316,1
1889,brainard,Governor,20160316,1
1890,bullard,President,20160316,1
1891,fischer,Governor,20160316,1
1892,george,President,20160316,1
1893,mester,President,20160316,1
1894,powell,Governor,20160316,1
1895,rosengren,President,20160316,1
1896,tarullo,Governor,20160316,1
1897,yellen,Chair,20160427,1
1898,dudley,Vice Chairman,20160427,1
1899,brainard,Governor,20160427,1
1900,bullard,President,20160427,1
1901,fischer,Governor,20160427,1
1902,george,President,20160427,1
1903,mester,President,20160427,1
1904,powell,Governor,20160427,1
1905,rosengren,President,20160427,1
1906,tarullo,Governor,20160427,1
1907,yellen,Chair,20160615,1
1908,dudley,Vice Chairman,20160615,1
1909,brainard,Governor,20160615,1
1910,bullard,President,20160615,1
1911,fischer,Governor,20160615,1
1912,george,President,20160615,1
1913,mester,President,20160615,1
1914,powell,Governor,20160615,1
1915,rosengren,President,20160615,1
1916,tarullo,Governor,20160615,1
1917,yellen,Chair,20160727,1
1918,dudley,Vice Chairman,20160727,1
1919,brainard,Governor,20160727,1
1920,bullard,President,20160727,1
1921,fischer,Governor,20160727,1
1922,george,President,20160727,1
1923,mester,President,20160727,1
1924,powell,Governor,20160727,1
1925,rosengren,President,20160727,1
1926,tarullo,Governor,20160727,1
1927,yellen,Chair,20160921,1
1928,dudley,Vice Chairman,20160921,1
1929,brainard,Governor,20160921,1
1930,bullard,President,20160921,1
1931,fischer,Governor,20160921,1
1932,george,President,20160921,1
1933,mester,President,20160921,1
1934,powell,Governor,20160921,1
1935,rosengren,President,20160921,1
1936,tarullo,Governor,20160921,1
1937,yellen,Chair,20161102,1
1938,dudley,Vice Chairman,20161102,1
1939,brainard,Governor,20161102,1
1940,bullard,President,20161102,1
1941,fischer,Governor,20161102,1
1942,george,President,20161102,1
1943,mester,President,20161102,1
1944,powell,Governor,20161102,1
1945,rosengren,President,20161102,1
1946,tarullo,Governor,20161102,1
1947,yellen,Chair,20161214,1
1948,dudley,Vice Chairman,20161214,1
1949,brainard,Governor,20161214,1
1950,bullard,President,20161214,1
1951,fischer,Governor,20161214,1
1952,george,President,20161214,1
1953,mester,President,20161214,1
1954,powell,Governor,20161214,1
1955,rosengren,President,20161214,1
1956,tarullo,Governor,20161214,1
1957,yellen,Chair,20170201,1
1958,dudley,Vice Chairman,20170201,1
1959,brainard,Governor,20170201,1
1960,evans,President,20170201,1
1961,fischer,Governor,20170201,1
1962,harker,President,20170201,1
1963,kaplan,President,20170201,1
1964,kashkari,President,20170201,1
1965,powell,Governor,20170201,1
1966,tarullo,Governor,20170201,1
1967,yellen,Chair,20170315,1
1968,dudley,Vice Chairman,20170315,1
1969,brainard,Governor,20170315,1
1970,evans,President,20170315,1
1971,fischer,Governor,20170315,1
1972,harker,President,20170315,1
1973,kaplan,President,20170315,1
1974,kashkari,President,20170315,1
1975,powell,Governor,20170315,1
1976,tarullo,Governor,20170315,1
1977,yellen,Chair,20170503,1
1978,dudley,Vice Chairman,20170503,1
1979,brainard,Governor,20170503,1
1980,evans,President,20170503,1
1981,fischer,Governor,20170503,1
1982,harker,President,20170503,1
1983,kaplan,President,20170503,1
1984,kashkari,President,20170503,1
1985,powell,Governor,20170503,1
1986,yellen,Chair,20170614,1
1987,dudley,Vice Chairman,20170614,1
1988,brainard,Governor,20170614,1
1989,evans,President,20170614,1
1990,fischer,Governor,20170614,1
1991,harker,President,20170614,1
1992,kaplan,President,20170614,1
1993,kashkari,President,20170614,1
1994,powell,Governor,20170614,1
1995,yellen,Chair,20170726,1
1996,dudley,Vice Chairman,20170726,1
1997,brainard,Governor,20170726,1
1998,evans,President,20170726,1
1999,fischer,Governor,20170726,1
2000,harker,President,20170726,1
2001,kaplan,President,20170726,1
2002,kashkari,President,20170726,1
2003,powell,Governor,20170726,1
2004,yellen,Chair,20170920,1
2005,dudley,Vice Chairman,20170920,1
2006,brainard,Governor,20170920,1
2007,evans,President,20170920,1
2008,fischer,Governor,20170920,1
2009,harker,President,20170920,1
2010,kaplan,President,20170920,1
2011,kashkari,President,20170920,1
2012,powell,Governor,20170920,1
2013,yellen,Chair,20171101,1
2014,dudley,Vice Chairman,20171101,1
2015,brainard,Governor,20171101,1
2016,evans,President,20171101,1
2017,harker,President,20171101,1
2018,kaplan,President,20171101,1
2019,kashkari,President,20171101,1
2020,powell,Governor,20171101,1
2021,quarles,Governor,20171101,1
2022,yellen,Chair,20171213,1
2023,dudley,Vice Chairman,20171213,1
2024,brainard,Governor,20171213,1
2025,evans,President,20171213,1
2026,harker,President,20171213,1
2027,kaplan,President,20171213,1
2028,kashkari,President,20171213,1
2029,powell,Governor,20171213,1
2030,quarles,Governor,20171213,1
2031,yellen,Chair,20180131,1
2032,dudley,Vice Chairman,20180131,1
2033,barkin,President,20180131,1
2034,bostic,President,20180131,1
2035,brainard,Governor,20180131,1
2036,mester,President,20180131,1
2037,powell,Governor,20180131,1
2038,quarles,Governor,20180131,1
2039,williams,President,20180131,1
2040,powell,Chairman,20180321,1
2041,dudley,Vice Chairman,20180321,1
2042,barkin,President,20180321,1
2043,bostic,President,20180321,1
2044,brainard,Governor,20180321,1
2045,mester,President,20180321,1
2046,quarles,Governor,20180321,1
2047,williams,President,20180321,1
2048,powell,Chairman,20180502,1
2049,dudley,Vice Chairman,20180502,1
2050,barkin,President,20180502,1
2051,bostic,President,20180502,1
2052,brainard,Governor,20180502,1
2053,mester,President,20180502,1
2054,quarles,Governor,20180502,1
2055,williams,President,20180502,1
2056,powell,Chairman,20180613,1
2057,dudley,Vice Chairman,20180613,1
2058,barkin,President,20180613,1
2059,bostic,President,20180613,1
2060,brainard,Governor,20180613,1
2061,mester,President,20180613,1
2062,quarles,Governor,20180613,1
2063,williams,President,20180613,1
2064,powell,Chairman,20180801,1
2065,williams,Vice Chairman,20180801,1
2066,barkin,President,20180801,1
2067,bostic,President,20180801,1
2068,brainard,Governor,20180801,1
2069,mester,President,20180801,1
2070,quarles,Governor,20180801,1
2071,george,President,20180801,1
2072,powell,Chairman,20180926,1
2073,williams,Vice Chairman,20180926,1
2074,clarida,Governor,20180926,1
2075,barkin,President,20180926,1
2076,bostic,President,20180926,1
2077,brainard,Governor,20180926,1
2078,mester,President,20180926,1
2079,quarles,Governor,20180926,1
2080,george,President,20180926,1
2081,powell,Chairman,20181108,1
2082,williams,Vice Chairman,20181108,1
2083,barkin,President,20181108,1
2084,bostic,President,20181108,1
2085,brainard,Governor,20181108,1
2086,clarida,Governor,20181108,1
2087,daly,President,20181108,1
2088,mester,President,20181108,1
2089,quarles,Governor,20181108,1
2090,powell,Chairman,20181219,1
2091,williams,Vice Chairman,20181219,1
2092,barkin,President,20181219,1
2093,bostic,President,20181219,1
2094,bowman,Governor,20181219,1
2095,brainard,Governor,20181219,1
2096,clarida,Governor,20181219,1
2097,daly,President,20181219,1
2098,mester,President,20181219,1
2099,quarles,Governor,20181219,1
